INSERT INTO user_table (firstname, lastname, email, username, password, created_at) VALUES ('Javier', 'Doyle', 'michaelgarner@example.com', 'malonemichael', 'amandaboyd', '2023-06-01 10:04:03');
INSERT INTO user_email_verification_table (user_id, verified_at) VALUES (1, '2023-04-23 14:07:13');
INSERT INTO session_table (user_id, connected_at) VALUES (1, '2023-04-02 01:54:36');
INSERT INTO session_table (user_id, connected_at) VALUES (1, '2023-01-28 04:36:14');
INSERT INTO session_table (user_id, connected_at) VALUES (1, '2023-05-21 17:58:54');
INSERT INTO session_table (user_id, connected_at) VALUES (1, '2023-02-22 02:30:27');
INSERT INTO session_table (user_id, connected_at) VALUES (1, '2023-02-24 08:44:01');
INSERT INTO session_table (user_id, connected_at) VALUES (1, '2023-04-13 02:16:53');
INSERT INTO session_table (user_id, connected_at) VALUES (1, '2023-01-03 04:07:49');
INSERT INTO session_table (user_id, connected_at) VALUES (1, '2023-05-15 17:24:46');
INSERT INTO session_table (user_id, connected_at) VALUES (1, '2023-06-03 08:58:06');
INSERT INTO session_table (user_id, connected_at) VALUES (1, '2023-03-09 11:58:31');
INSERT INTO user_table (firstname, lastname, email, username, password, created_at) VALUES ('Brandi', 'Alexander', 'hollowaykathryn@example.com', 'dthompson', 'lauralarson', '2023-02-23 02:46:26');
INSERT INTO user_email_verification_table (user_id, verified_at) VALUES (2, '2023-03-05 04:37:08');
INSERT INTO session_table (user_id, connected_at) VALUES (2, '2023-05-20 09:26:47');
INSERT INTO session_table (user_id, connected_at) VALUES (2, '2023-06-20 06:20:22');
INSERT INTO session_table (user_id, connected_at) VALUES (2, '2023-03-12 10:00:57');
INSERT INTO session_table (user_id, connected_at) VALUES (2, '2023-02-02 21:01:22');
INSERT INTO session_table (user_id, connected_at) VALUES (2, '2023-05-16 21:14:20');
INSERT INTO session_table (user_id, connected_at) VALUES (2, '2023-02-02 07:09:28');
INSERT INTO session_table (user_id, connected_at) VALUES (2, '2023-06-12 20:03:10');
INSERT INTO session_table (user_id, connected_at) VALUES (2, '2023-04-25 21:38:09');
INSERT INTO session_table (user_id, connected_at) VALUES (2, '2023-02-12 01:19:03');
INSERT INTO session_table (user_id, connected_at) VALUES (2, '2023-01-27 03:23:24');
INSERT INTO user_table (firstname, lastname, email, username, password, created_at) VALUES ('Jonathan', 'Banks', 'franciscohayden@example.net', 'margarethoover', '@OHm$1AmmC', '2023-02-13 01:46:58');
INSERT INTO user_email_verification_table (user_id, verified_at) VALUES (3, '2023-04-09 16:52:51');
INSERT INTO session_table (user_id, connected_at) VALUES (3, '2023-06-13 19:40:07');
INSERT INTO session_table (user_id, connected_at) VALUES (3, '2023-03-26 04:18:58');
INSERT INTO session_table (user_id, connected_at) VALUES (3, '2023-06-16 16:10:50');
INSERT INTO session_table (user_id, connected_at) VALUES (3, '2023-06-25 08:25:14');
INSERT INTO session_table (user_id, connected_at) VALUES (3, '2023-03-03 04:09:57');
INSERT INTO session_table (user_id, connected_at) VALUES (3, '2023-06-15 06:20:02');
INSERT INTO session_table (user_id, connected_at) VALUES (3, '2023-01-05 17:44:12');
INSERT INTO session_table (user_id, connected_at) VALUES (3, '2023-02-17 23:56:02');
INSERT INTO session_table (user_id, connected_at) VALUES (3, '2023-04-30 12:24:17');
INSERT INTO session_table (user_id, connected_at) VALUES (3, '2023-02-04 10:41:21');
INSERT INTO user_table (firstname, lastname, email, username, password, created_at) VALUES ('Amanda', 'Romero', 'adamparks@example.com', 'staceyedwards', 'sabrinakelly', '2023-02-14 13:20:48');
INSERT INTO user_email_verification_table (user_id, verified_at) VALUES (4, '2023-05-25 17:41:12');
INSERT INTO session_table (user_id, connected_at) VALUES (4, '2023-03-22 03:08:22');
INSERT INTO session_table (user_id, connected_at) VALUES (4, '2023-01-05 02:39:38');
INSERT INTO session_table (user_id, connected_at) VALUES (4, '2023-02-02 06:14:45');
INSERT INTO session_table (user_id, connected_at) VALUES (4, '2023-05-19 11:03:59');
INSERT INTO session_table (user_id, connected_at) VALUES (4, '2023-01-24 07:12:35');
INSERT INTO session_table (user_id, connected_at) VALUES (4, '2023-01-14 20:23:33');
INSERT INTO session_table (user_id, connected_at) VALUES (4, '2023-04-08 01:04:30');
INSERT INTO session_table (user_id, connected_at) VALUES (4, '2023-01-06 13:33:41');
INSERT INTO session_table (user_id, connected_at) VALUES (4, '2023-02-05 21:43:16');
INSERT INTO session_table (user_id, connected_at) VALUES (4, '2023-05-13 02:14:22');
INSERT INTO user_table (firstname, lastname, email, username, password, created_at) VALUES ('Ann', 'Gallegos', 'floydmichele@example.net', 'brittney25', 'whitney97', '2023-04-06 17:37:28');
INSERT INTO user_email_verification_table (user_id, verified_at) VALUES (5, '2023-04-14 12:05:00');
INSERT INTO session_table (user_id, connected_at) VALUES (5, '2023-05-01 00:53:46');
INSERT INTO session_table (user_id, connected_at) VALUES (5, '2023-02-28 14:32:53');
INSERT INTO session_table (user_id, connected_at) VALUES (5, '2023-04-06 08:37:34');
INSERT INTO session_table (user_id, connected_at) VALUES (5, '2023-03-07 09:22:09');
INSERT INTO session_table (user_id, connected_at) VALUES (5, '2023-04-22 10:24:05');
INSERT INTO session_table (user_id, connected_at) VALUES (5, '2023-04-14 14:50:48');
INSERT INTO session_table (user_id, connected_at) VALUES (5, '2023-03-28 16:40:29');
INSERT INTO session_table (user_id, connected_at) VALUES (5, '2023-06-13 00:47:00');
INSERT INTO session_table (user_id, connected_at) VALUES (5, '2023-04-02 07:43:04');
INSERT INTO session_table (user_id, connected_at) VALUES (5, '2023-03-16 06:21:38');
INSERT INTO user_table (firstname, lastname, email, username, password, created_at) VALUES ('Lauren', 'Marshall', 'ksmith@example.net', 'zmarshall', '3eWgX&MA*7', '2023-01-29 07:13:59');
INSERT INTO user_email_verification_table (user_id, verified_at) VALUES (6, '2023-06-26 22:25:06');
INSERT INTO session_table (user_id, connected_at) VALUES (6, '2023-03-01 22:09:11');
INSERT INTO session_table (user_id, connected_at) VALUES (6, '2023-01-01 23:05:53');
INSERT INTO session_table (user_id, connected_at) VALUES (6, '2023-03-05 07:16:34');
INSERT INTO session_table (user_id, connected_at) VALUES (6, '2023-02-10 07:27:51');
INSERT INTO session_table (user_id, connected_at) VALUES (6, '2023-04-16 06:54:46');
INSERT INTO session_table (user_id, connected_at) VALUES (6, '2023-02-19 10:21:39');
INSERT INTO session_table (user_id, connected_at) VALUES (6, '2023-03-10 15:05:11');
INSERT INTO session_table (user_id, connected_at) VALUES (6, '2023-05-11 12:30:21');
INSERT INTO session_table (user_id, connected_at) VALUES (6, '2023-03-06 03:00:19');
INSERT INTO session_table (user_id, connected_at) VALUES (6, '2023-01-26 01:30:48');
INSERT INTO user_table (firstname, lastname, email, username, password, created_at) VALUES ('Philip', 'Bishop', 'richard74@example.com', 'taylornovak', 'brownruben', '2023-04-13 13:30:51');
INSERT INTO user_email_verification_table (user_id, verified_at) VALUES (7, '2023-02-24 18:47:20');
INSERT INTO session_table (user_id, connected_at) VALUES (7, '2023-04-20 13:01:48');
INSERT INTO session_table (user_id, connected_at) VALUES (7, '2023-02-21 07:14:07');
INSERT INTO session_table (user_id, connected_at) VALUES (7, '2023-05-27 03:09:32');
INSERT INTO session_table (user_id, connected_at) VALUES (7, '2023-03-06 20:33:45');
INSERT INTO session_table (user_id, connected_at) VALUES (7, '2023-06-18 15:43:37');
INSERT INTO session_table (user_id, connected_at) VALUES (7, '2023-06-26 04:37:32');
INSERT INTO session_table (user_id, connected_at) VALUES (7, '2023-01-07 11:42:57');
INSERT INTO session_table (user_id, connected_at) VALUES (7, '2023-06-06 21:01:09');
INSERT INTO session_table (user_id, connected_at) VALUES (7, '2023-06-14 10:12:46');
INSERT INTO session_table (user_id, connected_at) VALUES (7, '2023-04-28 14:36:30');
INSERT INTO user_table (firstname, lastname, email, username, password, created_at) VALUES ('Jeremy', 'Thompson', 'jasonross@example.com', 'zharrington', 'hillbrittney', '2023-05-28 01:47:17');
INSERT INTO user_email_verification_table (user_id, verified_at) VALUES (8, '2023-01-21 09:02:13');
INSERT INTO session_table (user_id, connected_at) VALUES (8, '2023-03-10 07:07:35');
INSERT INTO session_table (user_id, connected_at) VALUES (8, '2023-06-20 00:59:57');
INSERT INTO session_table (user_id, connected_at) VALUES (8, '2023-06-01 21:39:28');
INSERT INTO session_table (user_id, connected_at) VALUES (8, '2023-05-16 22:35:32');
INSERT INTO session_table (user_id, connected_at) VALUES (8, '2023-05-27 08:38:01');
INSERT INTO session_table (user_id, connected_at) VALUES (8, '2023-05-06 22:17:46');
INSERT INTO session_table (user_id, connected_at) VALUES (8, '2023-01-04 22:22:42');
INSERT INTO session_table (user_id, connected_at) VALUES (8, '2023-06-13 01:12:41');
INSERT INTO session_table (user_id, connected_at) VALUES (8, '2023-06-23 19:13:59');
INSERT INTO session_table (user_id, connected_at) VALUES (8, '2023-05-21 15:57:56');
INSERT INTO user_table (firstname, lastname, email, username, password, created_at) VALUES ('Gregory', 'Rivera', 'murphylori@example.org', 'teresamills', 'C$Pn89rc!7', '2023-01-04 10:23:10');
INSERT INTO user_email_verification_table (user_id, verified_at) VALUES (9, '2023-03-19 12:27:08');
INSERT INTO session_table (user_id, connected_at) VALUES (9, '2023-05-23 18:55:24');
INSERT INTO session_table (user_id, connected_at) VALUES (9, '2023-01-16 08:46:59');
INSERT INTO session_table (user_id, connected_at) VALUES (9, '2023-05-14 12:59:17');
INSERT INTO session_table (user_id, connected_at) VALUES (9, '2023-04-08 23:56:11');
INSERT INTO session_table (user_id, connected_at) VALUES (9, '2023-06-28 18:19:28');
INSERT INTO session_table (user_id, connected_at) VALUES (9, '2023-01-21 02:32:33');
INSERT INTO session_table (user_id, connected_at) VALUES (9, '2023-04-29 01:09:31');
INSERT INTO session_table (user_id, connected_at) VALUES (9, '2023-01-22 06:24:52');
INSERT INTO session_table (user_id, connected_at) VALUES (9, '2023-06-01 09:09:19');
INSERT INTO session_table (user_id, connected_at) VALUES (9, '2023-04-11 18:12:37');
INSERT INTO user_table (firstname, lastname, email, username, password, created_at) VALUES ('Ashlee', 'Kelley', 'hmeyer@example.net', 'miguelfrey', 'rodneygreer', '2023-03-26 08:37:39');
INSERT INTO user_email_verification_table (user_id, verified_at) VALUES (10, '2023-05-31 06:47:08');
INSERT INTO session_table (user_id, connected_at) VALUES (10, '2023-01-31 14:58:32');
INSERT INTO session_table (user_id, connected_at) VALUES (10, '2023-04-22 04:52:56');
INSERT INTO session_table (user_id, connected_at) VALUES (10, '2023-05-05 18:43:31');
INSERT INTO session_table (user_id, connected_at) VALUES (10, '2023-03-04 11:10:05');
INSERT INTO session_table (user_id, connected_at) VALUES (10, '2023-02-11 03:45:52');
INSERT INTO session_table (user_id, connected_at) VALUES (10, '2023-02-21 00:25:46');
INSERT INTO session_table (user_id, connected_at) VALUES (10, '2023-04-09 01:25:43');
INSERT INTO session_table (user_id, connected_at) VALUES (10, '2023-01-10 04:46:25');
INSERT INTO session_table (user_id, connected_at) VALUES (10, '2023-01-29 18:08:46');
INSERT INTO session_table (user_id, connected_at) VALUES (10, '2023-02-01 19:25:43');
INSERT INTO user_table (firstname, lastname, email, username, password, created_at) VALUES ('David', 'Lee', 'troy25@example.net', 'kenneth74', 'bp^S3Acql^', '2023-02-15 09:27:17');
INSERT INTO user_email_verification_table (user_id, verified_at) VALUES (11, '2023-03-18 00:42:21');
INSERT INTO session_table (user_id, connected_at) VALUES (11, '2023-06-04 22:25:45');
INSERT INTO session_table (user_id, connected_at) VALUES (11, '2023-05-27 15:54:25');
INSERT INTO session_table (user_id, connected_at) VALUES (11, '2023-03-18 15:57:33');
INSERT INTO session_table (user_id, connected_at) VALUES (11, '2023-06-24 21:32:38');
INSERT INTO session_table (user_id, connected_at) VALUES (11, '2023-03-19 22:01:51');
INSERT INTO session_table (user_id, connected_at) VALUES (11, '2023-04-26 04:20:26');
INSERT INTO session_table (user_id, connected_at) VALUES (11, '2023-04-26 13:40:53');
INSERT INTO session_table (user_id, connected_at) VALUES (11, '2023-06-21 06:33:08');
INSERT INTO session_table (user_id, connected_at) VALUES (11, '2023-04-28 00:12:16');
INSERT INTO session_table (user_id, connected_at) VALUES (11, '2023-04-13 12:16:11');
INSERT INTO user_table (firstname, lastname, email, username, password, created_at) VALUES ('Megan', 'Gomez', 'sharpjonathon@example.org', 'raymond74', 'williamspatrick', '2023-01-04 02:44:28');
INSERT INTO user_email_verification_table (user_id, verified_at) VALUES (12, '2023-01-24 19:32:34');
INSERT INTO session_table (user_id, connected_at) VALUES (12, '2023-01-20 01:28:41');
INSERT INTO session_table (user_id, connected_at) VALUES (12, '2023-05-21 07:26:45');
INSERT INTO session_table (user_id, connected_at) VALUES (12, '2023-06-25 08:11:30');
INSERT INTO session_table (user_id, connected_at) VALUES (12, '2023-01-22 10:17:28');
INSERT INTO session_table (user_id, connected_at) VALUES (12, '2023-05-27 23:47:37');
INSERT INTO session_table (user_id, connected_at) VALUES (12, '2023-01-30 13:12:28');
INSERT INTO session_table (user_id, connected_at) VALUES (12, '2023-03-16 02:33:46');
INSERT INTO session_table (user_id, connected_at) VALUES (12, '2023-06-13 13:53:42');
INSERT INTO session_table (user_id, connected_at) VALUES (12, '2023-06-27 17:42:15');
INSERT INTO session_table (user_id, connected_at) VALUES (12, '2023-06-29 08:53:45');
INSERT INTO user_table (firstname, lastname, email, username, password, created_at) VALUES ('Gary', 'Lewis', 'jensenbrandon@example.com', 'masonchristopher', 'reevesdavid', '2023-06-11 08:02:08');
INSERT INTO user_email_verification_table (user_id, verified_at) VALUES (13, '2023-03-26 00:01:47');
INSERT INTO session_table (user_id, connected_at) VALUES (13, '2023-01-02 09:56:19');
INSERT INTO session_table (user_id, connected_at) VALUES (13, '2023-06-09 14:16:22');
INSERT INTO session_table (user_id, connected_at) VALUES (13, '2023-02-22 09:31:39');
INSERT INTO session_table (user_id, connected_at) VALUES (13, '2023-01-23 03:05:42');
INSERT INTO session_table (user_id, connected_at) VALUES (13, '2023-01-30 00:14:27');
INSERT INTO session_table (user_id, connected_at) VALUES (13, '2023-01-20 13:52:04');
INSERT INTO session_table (user_id, connected_at) VALUES (13, '2023-06-24 12:28:45');
INSERT INTO session_table (user_id, connected_at) VALUES (13, '2023-06-24 04:39:29');
INSERT INTO session_table (user_id, connected_at) VALUES (13, '2023-04-20 19:23:22');
INSERT INTO session_table (user_id, connected_at) VALUES (13, '2023-04-16 01:42:54');
INSERT INTO user_table (firstname, lastname, email, username, password, created_at) VALUES ('Rachel', 'Stewart', 'dstone@example.org', 'gainesheather', 'ericagarner', '2023-04-30 08:36:49');
INSERT INTO user_email_verification_table (user_id, verified_at) VALUES (14, '2023-06-15 13:49:33');
INSERT INTO session_table (user_id, connected_at) VALUES (14, '2023-03-15 22:17:47');
INSERT INTO session_table (user_id, connected_at) VALUES (14, '2023-06-03 13:18:20');
INSERT INTO session_table (user_id, connected_at) VALUES (14, '2023-04-01 09:00:34');
INSERT INTO session_table (user_id, connected_at) VALUES (14, '2023-01-29 06:01:04');
INSERT INTO session_table (user_id, connected_at) VALUES (14, '2023-05-03 05:32:21');
INSERT INTO session_table (user_id, connected_at) VALUES (14, '2023-06-13 09:54:47');
INSERT INTO session_table (user_id, connected_at) VALUES (14, '2023-02-02 05:36:06');
INSERT INTO session_table (user_id, connected_at) VALUES (14, '2023-03-17 05:28:25');
INSERT INTO session_table (user_id, connected_at) VALUES (14, '2023-04-12 12:35:26');
INSERT INTO session_table (user_id, connected_at) VALUES (14, '2023-04-29 15:26:30');
INSERT INTO user_table (firstname, lastname, email, username, password, created_at) VALUES ('Cindy', 'Matthews', 'leonardolson@example.net', 'jacobcardenas', 'jenniferruiz', '2023-01-28 21:07:57');
INSERT INTO user_email_verification_table (user_id, verified_at) VALUES (15, '2023-01-04 10:04:50');
INSERT INTO session_table (user_id, connected_at) VALUES (15, '2023-02-02 04:20:12');
INSERT INTO session_table (user_id, connected_at) VALUES (15, '2023-02-11 02:06:18');
INSERT INTO session_table (user_id, connected_at) VALUES (15, '2023-06-22 08:28:00');
INSERT INTO session_table (user_id, connected_at) VALUES (15, '2023-03-12 08:30:54');
INSERT INTO session_table (user_id, connected_at) VALUES (15, '2023-01-01 12:45:37');
INSERT INTO session_table (user_id, connected_at) VALUES (15, '2023-01-19 06:22:38');
INSERT INTO session_table (user_id, connected_at) VALUES (15, '2023-02-06 23:58:36');
INSERT INTO session_table (user_id, connected_at) VALUES (15, '2023-06-14 08:29:31');
INSERT INTO session_table (user_id, connected_at) VALUES (15, '2023-04-08 23:47:51');
INSERT INTO session_table (user_id, connected_at) VALUES (15, '2023-03-09 07:35:01');
INSERT INTO user_table (firstname, lastname, email, username, password, created_at) VALUES ('Rebecca', 'Price', 'amy82@example.com', 'shannon46', 'megansoto', '2023-05-24 18:26:25');
INSERT INTO user_email_verification_table (user_id, verified_at) VALUES (16, '2023-06-16 08:14:19');
INSERT INTO session_table (user_id, connected_at) VALUES (16, '2023-02-02 05:37:10');
INSERT INTO session_table (user_id, connected_at) VALUES (16, '2023-06-17 00:34:23');
INSERT INTO session_table (user_id, connected_at) VALUES (16, '2023-02-07 16:59:07');
INSERT INTO session_table (user_id, connected_at) VALUES (16, '2023-06-04 22:26:45');
INSERT INTO session_table (user_id, connected_at) VALUES (16, '2023-06-05 02:07:09');
INSERT INTO session_table (user_id, connected_at) VALUES (16, '2023-04-02 12:05:32');
INSERT INTO session_table (user_id, connected_at) VALUES (16, '2023-03-07 00:11:32');
INSERT INTO session_table (user_id, connected_at) VALUES (16, '2023-01-08 06:18:09');
INSERT INTO session_table (user_id, connected_at) VALUES (16, '2023-03-11 11:06:04');
INSERT INTO session_table (user_id, connected_at) VALUES (16, '2023-01-21 17:39:45');
INSERT INTO user_table (firstname, lastname, email, username, password, created_at) VALUES ('Logan', 'Blair', 'patriciawilliams@example.com', 'christopherwinters', 'hollypugh', '2023-05-12 10:52:24');
INSERT INTO user_email_verification_table (user_id, verified_at) VALUES (17, '2023-04-15 14:56:41');
INSERT INTO session_table (user_id, connected_at) VALUES (17, '2023-06-05 00:06:25');
INSERT INTO session_table (user_id, connected_at) VALUES (17, '2023-03-14 15:17:09');
INSERT INTO session_table (user_id, connected_at) VALUES (17, '2023-06-13 23:09:49');
INSERT INTO session_table (user_id, connected_at) VALUES (17, '2023-02-16 05:04:39');
INSERT INTO session_table (user_id, connected_at) VALUES (17, '2023-01-01 16:45:43');
INSERT INTO session_table (user_id, connected_at) VALUES (17, '2023-06-27 05:17:53');
INSERT INTO session_table (user_id, connected_at) VALUES (17, '2023-01-30 00:30:38');
INSERT INTO session_table (user_id, connected_at) VALUES (17, '2023-03-20 00:36:45');
INSERT INTO session_table (user_id, connected_at) VALUES (17, '2023-06-21 08:10:37');
INSERT INTO session_table (user_id, connected_at) VALUES (17, '2023-01-03 04:03:41');
INSERT INTO user_table (firstname, lastname, email, username, password, created_at) VALUES ('Matthew', 'Howard', 'juliabeasley@example.com', 'williamsdiane', 'xnch&#Xr&3', '2023-05-04 04:40:27');
INSERT INTO user_email_verification_table (user_id, verified_at) VALUES (18, '2023-03-03 22:23:39');
INSERT INTO session_table (user_id, connected_at) VALUES (18, '2023-06-19 11:44:03');
INSERT INTO session_table (user_id, connected_at) VALUES (18, '2023-03-14 00:59:18');
INSERT INTO session_table (user_id, connected_at) VALUES (18, '2023-06-18 22:51:07');
INSERT INTO session_table (user_id, connected_at) VALUES (18, '2023-05-01 04:00:55');
INSERT INTO session_table (user_id, connected_at) VALUES (18, '2023-05-26 14:04:44');
INSERT INTO session_table (user_id, connected_at) VALUES (18, '2023-02-10 00:09:20');
INSERT INTO session_table (user_id, connected_at) VALUES (18, '2023-05-20 19:05:10');
INSERT INTO session_table (user_id, connected_at) VALUES (18, '2023-02-25 04:37:48');
INSERT INTO session_table (user_id, connected_at) VALUES (18, '2023-05-16 08:34:04');
INSERT INTO session_table (user_id, connected_at) VALUES (18, '2023-03-05 17:07:47');
INSERT INTO user_table (firstname, lastname, email, username, password, created_at) VALUES ('Joseph', 'Martinez', 'thomassalazar@example.com', 'youngjody', 'christopher51', '2023-04-28 04:14:07');
INSERT INTO user_email_verification_table (user_id, verified_at) VALUES (19, '2023-01-04 14:56:03');
INSERT INTO session_table (user_id, connected_at) VALUES (19, '2023-06-22 12:29:24');
INSERT INTO session_table (user_id, connected_at) VALUES (19, '2023-03-19 02:56:32');
INSERT INTO session_table (user_id, connected_at) VALUES (19, '2023-05-24 15:09:07');
INSERT INTO session_table (user_id, connected_at) VALUES (19, '2023-03-06 16:52:20');
INSERT INTO session_table (user_id, connected_at) VALUES (19, '2023-06-25 15:16:27');
INSERT INTO session_table (user_id, connected_at) VALUES (19, '2023-06-26 19:06:59');
INSERT INTO session_table (user_id, connected_at) VALUES (19, '2023-03-11 05:45:14');
INSERT INTO session_table (user_id, connected_at) VALUES (19, '2023-06-13 15:56:59');
INSERT INTO session_table (user_id, connected_at) VALUES (19, '2023-04-26 16:00:07');
INSERT INTO session_table (user_id, connected_at) VALUES (19, '2023-06-04 14:01:34');
INSERT INTO user_table (firstname, lastname, email, username, password, created_at) VALUES ('Alexandria', 'Diaz', 'dawnflores@example.org', 'parkerdanielle', 'herringamanda', '2023-03-09 05:23:51');
INSERT INTO user_email_verification_table (user_id, verified_at) VALUES (20, '2023-01-09 11:21:07');
INSERT INTO session_table (user_id, connected_at) VALUES (20, '2023-02-04 01:44:53');
INSERT INTO session_table (user_id, connected_at) VALUES (20, '2023-03-26 05:00:25');
INSERT INTO session_table (user_id, connected_at) VALUES (20, '2023-06-18 11:40:47');
INSERT INTO session_table (user_id, connected_at) VALUES (20, '2023-03-05 06:59:37');
INSERT INTO session_table (user_id, connected_at) VALUES (20, '2023-01-07 21:39:05');
INSERT INTO session_table (user_id, connected_at) VALUES (20, '2023-01-08 10:23:53');
INSERT INTO session_table (user_id, connected_at) VALUES (20, '2023-06-02 01:29:11');
INSERT INTO session_table (user_id, connected_at) VALUES (20, '2023-04-24 08:55:28');
INSERT INTO session_table (user_id, connected_at) VALUES (20, '2023-02-18 00:57:54');
INSERT INTO session_table (user_id, connected_at) VALUES (20, '2023-03-08 09:29:07');
INSERT INTO user_table (firstname, lastname, email, username, password, created_at) VALUES ('Lorraine', 'Hunter', 'josephcooke@example.org', 'khernandez', 'w&9M2XPhzz', '2023-03-01 13:53:02');
INSERT INTO user_email_verification_table (user_id, verified_at) VALUES (21, '2023-04-06 01:10:08');
INSERT INTO session_table (user_id, connected_at) VALUES (21, '2023-05-08 06:48:35');
INSERT INTO session_table (user_id, connected_at) VALUES (21, '2023-04-02 16:00:21');
INSERT INTO session_table (user_id, connected_at) VALUES (21, '2023-02-17 17:47:29');
INSERT INTO session_table (user_id, connected_at) VALUES (21, '2023-04-28 17:04:41');
INSERT INTO session_table (user_id, connected_at) VALUES (21, '2023-03-04 05:57:16');
INSERT INTO session_table (user_id, connected_at) VALUES (21, '2023-01-29 12:01:01');
INSERT INTO session_table (user_id, connected_at) VALUES (21, '2023-02-06 02:11:52');
INSERT INTO session_table (user_id, connected_at) VALUES (21, '2023-03-22 12:14:30');
INSERT INTO session_table (user_id, connected_at) VALUES (21, '2023-03-22 03:28:02');
INSERT INTO session_table (user_id, connected_at) VALUES (21, '2023-02-18 21:51:18');
INSERT INTO user_table (firstname, lastname, email, username, password, created_at) VALUES ('Alexander', 'Cox', 'yangmargaret@example.net', 'rachelrobinson', 'c#F0EMgg_$', '2023-02-12 09:46:04');
INSERT INTO user_email_verification_table (user_id, verified_at) VALUES (22, '2023-01-21 09:55:04');
INSERT INTO session_table (user_id, connected_at) VALUES (22, '2023-04-27 21:24:34');
INSERT INTO session_table (user_id, connected_at) VALUES (22, '2023-01-11 10:00:47');
INSERT INTO session_table (user_id, connected_at) VALUES (22, '2023-02-19 23:32:38');
INSERT INTO session_table (user_id, connected_at) VALUES (22, '2023-01-04 14:46:02');
INSERT INTO session_table (user_id, connected_at) VALUES (22, '2023-03-07 17:02:57');
INSERT INTO session_table (user_id, connected_at) VALUES (22, '2023-06-28 08:54:56');
INSERT INTO session_table (user_id, connected_at) VALUES (22, '2023-04-17 08:58:08');
INSERT INTO session_table (user_id, connected_at) VALUES (22, '2023-01-25 11:38:24');
INSERT INTO session_table (user_id, connected_at) VALUES (22, '2023-05-20 07:15:00');
INSERT INTO session_table (user_id, connected_at) VALUES (22, '2023-03-26 23:32:28');
INSERT INTO user_table (firstname, lastname, email, username, password, created_at) VALUES ('Courtney', 'Bentley', 'hbailey@example.com', 'jasminelamb', 'y17#%H+t*6', '2023-06-19 01:16:58');
INSERT INTO user_email_verification_table (user_id, verified_at) VALUES (23, '2023-05-18 04:20:42');
INSERT INTO session_table (user_id, connected_at) VALUES (23, '2023-06-21 18:58:58');
INSERT INTO session_table (user_id, connected_at) VALUES (23, '2023-05-22 02:07:09');
INSERT INTO session_table (user_id, connected_at) VALUES (23, '2023-01-04 12:24:43');
INSERT INTO session_table (user_id, connected_at) VALUES (23, '2023-04-30 03:26:21');
INSERT INTO session_table (user_id, connected_at) VALUES (23, '2023-06-23 02:05:57');
INSERT INTO session_table (user_id, connected_at) VALUES (23, '2023-05-15 20:38:41');
INSERT INTO session_table (user_id, connected_at) VALUES (23, '2023-02-07 19:59:25');
INSERT INTO session_table (user_id, connected_at) VALUES (23, '2023-01-16 07:05:53');
INSERT INTO session_table (user_id, connected_at) VALUES (23, '2023-02-12 08:51:22');
INSERT INTO session_table (user_id, connected_at) VALUES (23, '2023-01-20 00:57:13');
INSERT INTO user_table (firstname, lastname, email, username, password, created_at) VALUES ('Robin', 'Gilbert', 'jason00@example.com', 'kenneth32', 'vanessa12', '2023-04-10 15:29:53');
INSERT INTO user_email_verification_table (user_id, verified_at) VALUES (24, '2023-04-24 04:12:56');
INSERT INTO session_table (user_id, connected_at) VALUES (24, '2023-06-17 05:34:32');
INSERT INTO session_table (user_id, connected_at) VALUES (24, '2023-01-22 20:08:36');
INSERT INTO session_table (user_id, connected_at) VALUES (24, '2023-03-14 00:52:33');
INSERT INTO session_table (user_id, connected_at) VALUES (24, '2023-01-09 03:02:19');
INSERT INTO session_table (user_id, connected_at) VALUES (24, '2023-03-31 06:21:26');
INSERT INTO session_table (user_id, connected_at) VALUES (24, '2023-04-24 15:16:09');
INSERT INTO session_table (user_id, connected_at) VALUES (24, '2023-03-14 14:55:16');
INSERT INTO session_table (user_id, connected_at) VALUES (24, '2023-06-16 02:07:10');
INSERT INTO session_table (user_id, connected_at) VALUES (24, '2023-03-30 21:42:24');
INSERT INTO session_table (user_id, connected_at) VALUES (24, '2023-02-13 07:03:34');
INSERT INTO user_table (firstname, lastname, email, username, password, created_at) VALUES ('Alyssa', 'Jones', 'jennifer15@example.net', 'brucerobinson', 'hobbsharold', '2023-06-25 00:14:55');
INSERT INTO user_email_verification_table (user_id, verified_at) VALUES (25, '2023-03-30 02:13:33');
INSERT INTO session_table (user_id, connected_at) VALUES (25, '2023-01-28 07:51:58');
INSERT INTO session_table (user_id, connected_at) VALUES (25, '2023-04-26 20:04:53');
INSERT INTO session_table (user_id, connected_at) VALUES (25, '2023-05-10 23:30:05');
INSERT INTO session_table (user_id, connected_at) VALUES (25, '2023-06-03 13:29:01');
INSERT INTO session_table (user_id, connected_at) VALUES (25, '2023-03-31 02:02:07');
INSERT INTO session_table (user_id, connected_at) VALUES (25, '2023-04-26 15:02:51');
INSERT INTO session_table (user_id, connected_at) VALUES (25, '2023-06-24 09:10:15');
INSERT INTO session_table (user_id, connected_at) VALUES (25, '2023-05-25 13:20:03');
INSERT INTO session_table (user_id, connected_at) VALUES (25, '2023-01-16 21:27:33');
INSERT INTO session_table (user_id, connected_at) VALUES (25, '2023-02-15 15:30:10');
INSERT INTO user_table (firstname, lastname, email, username, password, created_at) VALUES ('Leah', 'Walker', 'jessica34@example.org', 'mollyjennings', 'riverajeremy', '2023-02-01 13:21:06');
INSERT INTO user_email_verification_table (user_id, verified_at) VALUES (26, '2023-01-30 02:45:05');
INSERT INTO session_table (user_id, connected_at) VALUES (26, '2023-04-26 01:18:51');
INSERT INTO session_table (user_id, connected_at) VALUES (26, '2023-06-11 18:12:39');
INSERT INTO session_table (user_id, connected_at) VALUES (26, '2023-04-18 11:01:03');
INSERT INTO session_table (user_id, connected_at) VALUES (26, '2023-06-22 01:11:51');
INSERT INTO session_table (user_id, connected_at) VALUES (26, '2023-05-12 22:14:47');
INSERT INTO session_table (user_id, connected_at) VALUES (26, '2023-02-28 10:45:50');
INSERT INTO session_table (user_id, connected_at) VALUES (26, '2023-03-12 07:56:28');
INSERT INTO session_table (user_id, connected_at) VALUES (26, '2023-05-10 23:08:55');
INSERT INTO session_table (user_id, connected_at) VALUES (26, '2023-02-22 16:01:46');
INSERT INTO session_table (user_id, connected_at) VALUES (26, '2023-04-16 21:49:23');
INSERT INTO user_table (firstname, lastname, email, username, password, created_at) VALUES ('Eric', 'Neal', 'fjohnson@example.net', 'danielle49', 'epatterson', '2023-02-08 14:13:51');
INSERT INTO user_email_verification_table (user_id, verified_at) VALUES (27, '2023-04-24 16:16:28');
INSERT INTO session_table (user_id, connected_at) VALUES (27, '2023-04-07 16:34:46');
INSERT INTO session_table (user_id, connected_at) VALUES (27, '2023-05-24 09:57:52');
INSERT INTO session_table (user_id, connected_at) VALUES (27, '2023-03-03 14:57:25');
INSERT INTO session_table (user_id, connected_at) VALUES (27, '2023-04-02 07:53:25');
INSERT INTO session_table (user_id, connected_at) VALUES (27, '2023-06-17 07:27:14');
INSERT INTO session_table (user_id, connected_at) VALUES (27, '2023-06-28 05:11:18');
INSERT INTO session_table (user_id, connected_at) VALUES (27, '2023-03-13 17:09:58');
INSERT INTO session_table (user_id, connected_at) VALUES (27, '2023-04-18 14:31:20');
INSERT INTO session_table (user_id, connected_at) VALUES (27, '2023-06-02 20:00:39');
INSERT INTO session_table (user_id, connected_at) VALUES (27, '2023-03-27 23:06:17');
INSERT INTO user_table (firstname, lastname, email, username, password, created_at) VALUES ('Amanda', 'Hernandez', 'dmcfarland@example.com', 'garymorales', 'riveratamara', '2023-04-19 07:59:44');
INSERT INTO user_email_verification_table (user_id, verified_at) VALUES (28, '2023-05-30 16:42:06');
INSERT INTO session_table (user_id, connected_at) VALUES (28, '2023-02-14 05:29:59');
INSERT INTO session_table (user_id, connected_at) VALUES (28, '2023-01-05 14:20:57');
INSERT INTO session_table (user_id, connected_at) VALUES (28, '2023-05-04 05:22:22');
INSERT INTO session_table (user_id, connected_at) VALUES (28, '2023-03-15 08:25:01');
INSERT INTO session_table (user_id, connected_at) VALUES (28, '2023-05-31 16:30:43');
INSERT INTO session_table (user_id, connected_at) VALUES (28, '2023-06-19 03:30:49');
INSERT INTO session_table (user_id, connected_at) VALUES (28, '2023-03-10 03:14:18');
INSERT INTO session_table (user_id, connected_at) VALUES (28, '2023-03-28 16:35:42');
INSERT INTO session_table (user_id, connected_at) VALUES (28, '2023-02-20 06:00:30');
INSERT INTO session_table (user_id, connected_at) VALUES (28, '2023-02-11 22:34:32');
INSERT INTO user_table (firstname, lastname, email, username, password, created_at) VALUES ('William', 'Lopez', 'helengrant@example.org', 'andrearandolph', 'kristina62', '2023-03-01 14:31:08');
INSERT INTO user_email_verification_table (user_id, verified_at) VALUES (29, '2023-04-05 06:23:05');
INSERT INTO session_table (user_id, connected_at) VALUES (29, '2023-06-26 14:18:25');
INSERT INTO session_table (user_id, connected_at) VALUES (29, '2023-01-14 10:30:18');
INSERT INTO session_table (user_id, connected_at) VALUES (29, '2023-06-01 22:14:09');
INSERT INTO session_table (user_id, connected_at) VALUES (29, '2023-01-04 15:58:51');
INSERT INTO session_table (user_id, connected_at) VALUES (29, '2023-04-21 04:23:33');
INSERT INTO session_table (user_id, connected_at) VALUES (29, '2023-06-03 18:13:29');
INSERT INTO session_table (user_id, connected_at) VALUES (29, '2023-06-24 23:44:29');
INSERT INTO session_table (user_id, connected_at) VALUES (29, '2023-05-15 02:00:31');
INSERT INTO session_table (user_id, connected_at) VALUES (29, '2023-02-07 05:50:37');
INSERT INTO session_table (user_id, connected_at) VALUES (29, '2023-06-14 09:12:28');
INSERT INTO user_table (firstname, lastname, email, username, password, created_at) VALUES ('Ellen', 'Kelly', 'ecross@example.org', 'shawtracey', 'UkJMua^t+2', '2023-03-11 22:37:22');
INSERT INTO user_email_verification_table (user_id, verified_at) VALUES (30, '2023-05-30 01:41:15');
INSERT INTO session_table (user_id, connected_at) VALUES (30, '2023-05-19 08:10:10');
INSERT INTO session_table (user_id, connected_at) VALUES (30, '2023-03-24 10:27:58');
INSERT INTO session_table (user_id, connected_at) VALUES (30, '2023-03-09 00:49:58');
INSERT INTO session_table (user_id, connected_at) VALUES (30, '2023-04-30 22:34:37');
INSERT INTO session_table (user_id, connected_at) VALUES (30, '2023-04-02 04:23:03');
INSERT INTO session_table (user_id, connected_at) VALUES (30, '2023-05-29 18:47:02');
INSERT INTO session_table (user_id, connected_at) VALUES (30, '2023-01-31 12:30:14');
INSERT INTO session_table (user_id, connected_at) VALUES (30, '2023-01-08 05:51:54');
INSERT INTO session_table (user_id, connected_at) VALUES (30, '2023-06-29 18:48:37');
INSERT INTO session_table (user_id, connected_at) VALUES (30, '2023-06-14 17:00:13');
INSERT INTO user_table (firstname, lastname, email, username, password, created_at) VALUES ('Jonathan', 'Hoover', 'michaelwarren@example.com', 'anthonyterry', 'bI0AqUm)%R', '2023-02-09 17:28:47');
INSERT INTO user_email_verification_table (user_id, verified_at) VALUES (31, '2023-03-10 12:16:40');
INSERT INTO session_table (user_id, connected_at) VALUES (31, '2023-03-13 02:19:15');
INSERT INTO session_table (user_id, connected_at) VALUES (31, '2023-01-03 12:16:53');
INSERT INTO session_table (user_id, connected_at) VALUES (31, '2023-03-18 15:13:00');
INSERT INTO session_table (user_id, connected_at) VALUES (31, '2023-01-24 01:25:40');
INSERT INTO session_table (user_id, connected_at) VALUES (31, '2023-03-24 22:23:18');
INSERT INTO session_table (user_id, connected_at) VALUES (31, '2023-05-20 07:11:54');
INSERT INTO session_table (user_id, connected_at) VALUES (31, '2023-01-09 02:32:39');
INSERT INTO session_table (user_id, connected_at) VALUES (31, '2023-04-26 05:25:57');
INSERT INTO session_table (user_id, connected_at) VALUES (31, '2023-03-20 17:44:58');
INSERT INTO session_table (user_id, connected_at) VALUES (31, '2023-06-19 01:34:58');
INSERT INTO user_table (firstname, lastname, email, username, password, created_at) VALUES ('Lynn', 'Griffin', 'wrios@example.net', 'donnaneal', 'robinsonernest', '2023-05-15 06:16:25');
INSERT INTO user_email_verification_table (user_id, verified_at) VALUES (32, '2023-05-30 10:44:07');
INSERT INTO session_table (user_id, connected_at) VALUES (32, '2023-02-27 23:36:27');
INSERT INTO session_table (user_id, connected_at) VALUES (32, '2023-02-10 22:00:35');
INSERT INTO session_table (user_id, connected_at) VALUES (32, '2023-01-24 14:02:40');
INSERT INTO session_table (user_id, connected_at) VALUES (32, '2023-02-01 03:20:35');
INSERT INTO session_table (user_id, connected_at) VALUES (32, '2023-06-20 22:04:31');
INSERT INTO session_table (user_id, connected_at) VALUES (32, '2023-04-13 22:34:58');
INSERT INTO session_table (user_id, connected_at) VALUES (32, '2023-01-10 09:55:20');
INSERT INTO session_table (user_id, connected_at) VALUES (32, '2023-06-27 19:21:37');
INSERT INTO session_table (user_id, connected_at) VALUES (32, '2023-03-19 23:56:23');
INSERT INTO session_table (user_id, connected_at) VALUES (32, '2023-01-29 21:19:46');
INSERT INTO user_table (firstname, lastname, email, username, password, created_at) VALUES ('Haley', 'Schultz', 'fmora@example.com', 'alexanderpeter', 'CR35DNj%5+', '2023-06-04 14:11:38');
INSERT INTO user_email_verification_table (user_id, verified_at) VALUES (33, '2023-06-21 16:27:05');
INSERT INTO session_table (user_id, connected_at) VALUES (33, '2023-04-01 05:29:17');
INSERT INTO session_table (user_id, connected_at) VALUES (33, '2023-01-26 12:45:10');
INSERT INTO session_table (user_id, connected_at) VALUES (33, '2023-04-08 13:47:22');
INSERT INTO session_table (user_id, connected_at) VALUES (33, '2023-04-28 08:39:50');
INSERT INTO session_table (user_id, connected_at) VALUES (33, '2023-02-08 06:54:15');
INSERT INTO session_table (user_id, connected_at) VALUES (33, '2023-04-12 03:59:18');
INSERT INTO session_table (user_id, connected_at) VALUES (33, '2023-01-22 02:42:33');
INSERT INTO session_table (user_id, connected_at) VALUES (33, '2023-01-14 02:51:02');
INSERT INTO session_table (user_id, connected_at) VALUES (33, '2023-06-22 00:18:42');
INSERT INTO session_table (user_id, connected_at) VALUES (33, '2023-02-04 14:57:19');
INSERT INTO user_table (firstname, lastname, email, username, password, created_at) VALUES ('David', 'Young', 'aking@example.com', 'benjamin92', 'rebeccabrooks', '2023-01-02 22:24:34');
INSERT INTO user_email_verification_table (user_id, verified_at) VALUES (34, '2023-03-14 21:30:09');
INSERT INTO session_table (user_id, connected_at) VALUES (34, '2023-01-27 21:21:16');
INSERT INTO session_table (user_id, connected_at) VALUES (34, '2023-04-09 16:28:47');
INSERT INTO session_table (user_id, connected_at) VALUES (34, '2023-06-15 02:07:20');
INSERT INTO session_table (user_id, connected_at) VALUES (34, '2023-01-28 09:58:56');
INSERT INTO session_table (user_id, connected_at) VALUES (34, '2023-02-16 22:31:06');
INSERT INTO session_table (user_id, connected_at) VALUES (34, '2023-04-08 13:14:38');
INSERT INTO session_table (user_id, connected_at) VALUES (34, '2023-02-17 07:23:06');
INSERT INTO session_table (user_id, connected_at) VALUES (34, '2023-05-13 18:06:15');
INSERT INTO session_table (user_id, connected_at) VALUES (34, '2023-04-07 02:22:24');
INSERT INTO session_table (user_id, connected_at) VALUES (34, '2023-03-17 22:08:10');
INSERT INTO user_table (firstname, lastname, email, username, password, created_at) VALUES ('Darrell', 'Forbes', 'hurstnicholas@example.org', 'jenningsdonald', 'joshuawalters', '2023-06-29 17:59:33');
INSERT INTO user_email_verification_table (user_id, verified_at) VALUES (35, '2023-01-17 12:53:29');
INSERT INTO session_table (user_id, connected_at) VALUES (35, '2023-06-28 14:57:10');
INSERT INTO session_table (user_id, connected_at) VALUES (35, '2023-02-24 09:02:52');
INSERT INTO session_table (user_id, connected_at) VALUES (35, '2023-02-28 05:05:54');
INSERT INTO session_table (user_id, connected_at) VALUES (35, '2023-01-15 02:01:20');
INSERT INTO session_table (user_id, connected_at) VALUES (35, '2023-06-09 09:14:01');
INSERT INTO session_table (user_id, connected_at) VALUES (35, '2023-06-28 15:24:38');
INSERT INTO session_table (user_id, connected_at) VALUES (35, '2023-05-30 17:28:54');
INSERT INTO session_table (user_id, connected_at) VALUES (35, '2023-06-12 20:36:01');
INSERT INTO session_table (user_id, connected_at) VALUES (35, '2023-04-23 01:37:01');
INSERT INTO session_table (user_id, connected_at) VALUES (35, '2023-01-15 14:39:12');
INSERT INTO user_table (firstname, lastname, email, username, password, created_at) VALUES ('Joel', 'Reid', 'jocelynholmes@example.org', 'yanderson', 'Z#8QweP0Cw', '2023-05-09 11:21:26');
INSERT INTO user_email_verification_table (user_id, verified_at) VALUES (36, '2023-01-20 21:24:15');
INSERT INTO session_table (user_id, connected_at) VALUES (36, '2023-05-21 00:23:10');
INSERT INTO session_table (user_id, connected_at) VALUES (36, '2023-04-16 08:33:20');
INSERT INTO session_table (user_id, connected_at) VALUES (36, '2023-05-09 21:47:48');
INSERT INTO session_table (user_id, connected_at) VALUES (36, '2023-05-09 04:49:05');
INSERT INTO session_table (user_id, connected_at) VALUES (36, '2023-06-27 07:44:14');
INSERT INTO session_table (user_id, connected_at) VALUES (36, '2023-05-02 07:16:25');
INSERT INTO session_table (user_id, connected_at) VALUES (36, '2023-04-19 18:01:40');
INSERT INTO session_table (user_id, connected_at) VALUES (36, '2023-01-14 14:22:17');
INSERT INTO session_table (user_id, connected_at) VALUES (36, '2023-05-05 16:23:26');
INSERT INTO session_table (user_id, connected_at) VALUES (36, '2023-04-14 00:32:52');
INSERT INTO user_table (firstname, lastname, email, username, password, created_at) VALUES ('Courtney', 'Zhang', 'gina56@example.org', 'michael62', 'aw$+1gXmoa', '2023-04-09 15:15:42');
INSERT INTO user_email_verification_table (user_id, verified_at) VALUES (37, '2023-05-15 08:39:38');
INSERT INTO session_table (user_id, connected_at) VALUES (37, '2023-06-17 21:14:54');
INSERT INTO session_table (user_id, connected_at) VALUES (37, '2023-02-15 01:26:12');
INSERT INTO session_table (user_id, connected_at) VALUES (37, '2023-01-18 21:30:27');
INSERT INTO session_table (user_id, connected_at) VALUES (37, '2023-05-29 17:36:52');
INSERT INTO session_table (user_id, connected_at) VALUES (37, '2023-01-24 15:23:20');
INSERT INTO session_table (user_id, connected_at) VALUES (37, '2023-05-23 22:34:27');
INSERT INTO session_table (user_id, connected_at) VALUES (37, '2023-03-03 18:02:48');
INSERT INTO session_table (user_id, connected_at) VALUES (37, '2023-03-15 12:29:30');
INSERT INTO session_table (user_id, connected_at) VALUES (37, '2023-03-09 13:26:37');
INSERT INTO session_table (user_id, connected_at) VALUES (37, '2023-06-20 10:34:26');
INSERT INTO user_table (firstname, lastname, email, username, password, created_at) VALUES ('Shannon', 'Booth', 'zford@example.org', 'richard13', 'Nm#dYQx2)7', '2023-06-20 17:56:03');
INSERT INTO user_email_verification_table (user_id, verified_at) VALUES (38, '2023-04-12 08:55:17');
INSERT INTO session_table (user_id, connected_at) VALUES (38, '2023-04-18 15:54:30');
INSERT INTO session_table (user_id, connected_at) VALUES (38, '2023-04-29 18:14:15');
INSERT INTO session_table (user_id, connected_at) VALUES (38, '2023-05-29 23:11:05');
INSERT INTO session_table (user_id, connected_at) VALUES (38, '2023-06-14 23:02:57');
INSERT INTO session_table (user_id, connected_at) VALUES (38, '2023-02-19 12:27:06');
INSERT INTO session_table (user_id, connected_at) VALUES (38, '2023-06-29 12:47:20');
INSERT INTO session_table (user_id, connected_at) VALUES (38, '2023-03-24 17:29:22');
INSERT INTO session_table (user_id, connected_at) VALUES (38, '2023-02-20 20:24:09');
INSERT INTO session_table (user_id, connected_at) VALUES (38, '2023-06-05 18:22:56');
INSERT INTO session_table (user_id, connected_at) VALUES (38, '2023-04-02 09:49:38');
INSERT INTO user_table (firstname, lastname, email, username, password, created_at) VALUES ('Laurie', 'Lewis', 'irichards@example.com', 'danielle00', '$D46YE9a3@', '2023-03-12 20:37:13');
INSERT INTO user_email_verification_table (user_id, verified_at) VALUES (39, '2023-01-19 09:38:04');
INSERT INTO session_table (user_id, connected_at) VALUES (39, '2023-03-06 01:33:32');
INSERT INTO session_table (user_id, connected_at) VALUES (39, '2023-04-14 03:39:06');
INSERT INTO session_table (user_id, connected_at) VALUES (39, '2023-04-13 05:34:08');
INSERT INTO session_table (user_id, connected_at) VALUES (39, '2023-05-21 23:03:59');
INSERT INTO session_table (user_id, connected_at) VALUES (39, '2023-01-10 20:00:06');
INSERT INTO session_table (user_id, connected_at) VALUES (39, '2023-02-13 19:00:12');
INSERT INTO session_table (user_id, connected_at) VALUES (39, '2023-02-22 05:54:45');
INSERT INTO session_table (user_id, connected_at) VALUES (39, '2023-06-04 15:08:59');
INSERT INTO session_table (user_id, connected_at) VALUES (39, '2023-01-01 14:26:53');
INSERT INTO session_table (user_id, connected_at) VALUES (39, '2023-03-28 04:43:51');
INSERT INTO user_table (firstname, lastname, email, username, password, created_at) VALUES ('Ethan', 'Hines', 'owenbryan@example.net', 'joansilva', 'J0P5c6RI^k', '2023-05-29 21:56:40');
INSERT INTO user_email_verification_table (user_id, verified_at) VALUES (40, '2023-05-02 23:16:05');
INSERT INTO session_table (user_id, connected_at) VALUES (40, '2023-02-20 23:19:42');
INSERT INTO session_table (user_id, connected_at) VALUES (40, '2023-04-24 20:55:54');
INSERT INTO session_table (user_id, connected_at) VALUES (40, '2023-02-20 12:14:33');
INSERT INTO session_table (user_id, connected_at) VALUES (40, '2023-04-20 08:56:31');
INSERT INTO session_table (user_id, connected_at) VALUES (40, '2023-03-06 16:18:16');
INSERT INTO session_table (user_id, connected_at) VALUES (40, '2023-01-10 22:37:58');
INSERT INTO session_table (user_id, connected_at) VALUES (40, '2023-04-24 06:31:50');
INSERT INTO session_table (user_id, connected_at) VALUES (40, '2023-05-29 23:03:32');
INSERT INTO session_table (user_id, connected_at) VALUES (40, '2023-01-14 09:16:14');
INSERT INTO session_table (user_id, connected_at) VALUES (40, '2023-04-04 05:45:34');
INSERT INTO user_table (firstname, lastname, email, username, password, created_at) VALUES ('Tammy', 'Kramer', 'danielsmatthew@example.net', 'sarakline', 'floresjessica', '2023-01-13 03:58:42');
INSERT INTO user_email_verification_table (user_id, verified_at) VALUES (41, '2023-01-03 16:02:09');
INSERT INTO session_table (user_id, connected_at) VALUES (41, '2023-06-05 02:32:58');
INSERT INTO session_table (user_id, connected_at) VALUES (41, '2023-04-30 11:01:23');
INSERT INTO session_table (user_id, connected_at) VALUES (41, '2023-04-16 01:52:33');
INSERT INTO session_table (user_id, connected_at) VALUES (41, '2023-05-19 21:46:19');
INSERT INTO session_table (user_id, connected_at) VALUES (41, '2023-03-17 09:55:35');
INSERT INTO session_table (user_id, connected_at) VALUES (41, '2023-06-13 08:28:05');
INSERT INTO session_table (user_id, connected_at) VALUES (41, '2023-06-05 02:13:14');
INSERT INTO session_table (user_id, connected_at) VALUES (41, '2023-05-24 13:22:55');
INSERT INTO session_table (user_id, connected_at) VALUES (41, '2023-01-28 01:37:08');
INSERT INTO session_table (user_id, connected_at) VALUES (41, '2023-01-19 04:26:01');
INSERT INTO user_table (firstname, lastname, email, username, password, created_at) VALUES ('Jasmin', 'Scott', 'jwu@example.org', 'brittneychung', 'r)nYkH(t^7', '2023-04-19 08:14:52');
INSERT INTO user_email_verification_table (user_id, verified_at) VALUES (42, '2023-01-02 05:38:10');
INSERT INTO session_table (user_id, connected_at) VALUES (42, '2023-04-13 08:14:15');
INSERT INTO session_table (user_id, connected_at) VALUES (42, '2023-01-01 00:46:20');
INSERT INTO session_table (user_id, connected_at) VALUES (42, '2023-06-12 21:26:18');
INSERT INTO session_table (user_id, connected_at) VALUES (42, '2023-05-22 00:43:53');
INSERT INTO session_table (user_id, connected_at) VALUES (42, '2023-05-11 01:51:17');
INSERT INTO session_table (user_id, connected_at) VALUES (42, '2023-01-16 10:07:37');
INSERT INTO session_table (user_id, connected_at) VALUES (42, '2023-05-31 14:12:53');
INSERT INTO session_table (user_id, connected_at) VALUES (42, '2023-05-23 17:25:35');
INSERT INTO session_table (user_id, connected_at) VALUES (42, '2023-06-25 11:57:03');
INSERT INTO session_table (user_id, connected_at) VALUES (42, '2023-06-07 08:12:26');
INSERT INTO user_table (firstname, lastname, email, username, password, created_at) VALUES ('Erica', 'Young', 'palmerwilliam@example.net', 'juliejohnson', '!2XHgQJe#p', '2023-06-15 23:27:09');
INSERT INTO user_email_verification_table (user_id, verified_at) VALUES (43, '2023-04-02 06:44:38');
INSERT INTO session_table (user_id, connected_at) VALUES (43, '2023-02-10 15:27:53');
INSERT INTO session_table (user_id, connected_at) VALUES (43, '2023-01-21 02:04:51');
INSERT INTO session_table (user_id, connected_at) VALUES (43, '2023-02-02 08:47:09');
INSERT INTO session_table (user_id, connected_at) VALUES (43, '2023-05-13 13:47:41');
INSERT INTO session_table (user_id, connected_at) VALUES (43, '2023-04-18 05:21:53');
INSERT INTO session_table (user_id, connected_at) VALUES (43, '2023-02-06 04:45:02');
INSERT INTO session_table (user_id, connected_at) VALUES (43, '2023-05-04 14:19:24');
INSERT INTO session_table (user_id, connected_at) VALUES (43, '2023-06-14 07:53:06');
INSERT INTO session_table (user_id, connected_at) VALUES (43, '2023-01-21 15:29:49');
INSERT INTO session_table (user_id, connected_at) VALUES (43, '2023-03-22 10:37:58');
INSERT INTO user_table (firstname, lastname, email, username, password, created_at) VALUES ('Kathleen', 'Kelley', 'jenniferstephens@example.org', 'robersonkelly', 'feliciafields', '2023-05-28 10:18:28');
INSERT INTO user_email_verification_table (user_id, verified_at) VALUES (44, '2023-01-14 06:08:16');
INSERT INTO session_table (user_id, connected_at) VALUES (44, '2023-03-19 19:17:39');
INSERT INTO session_table (user_id, connected_at) VALUES (44, '2023-03-13 08:17:38');
INSERT INTO session_table (user_id, connected_at) VALUES (44, '2023-05-12 12:29:07');
INSERT INTO session_table (user_id, connected_at) VALUES (44, '2023-02-07 07:08:11');
INSERT INTO session_table (user_id, connected_at) VALUES (44, '2023-04-12 22:36:29');
INSERT INTO session_table (user_id, connected_at) VALUES (44, '2023-05-16 14:41:59');
INSERT INTO session_table (user_id, connected_at) VALUES (44, '2023-04-27 03:27:53');
INSERT INTO session_table (user_id, connected_at) VALUES (44, '2023-02-04 10:45:42');
INSERT INTO session_table (user_id, connected_at) VALUES (44, '2023-03-03 18:38:14');
INSERT INTO session_table (user_id, connected_at) VALUES (44, '2023-05-25 17:44:56');
INSERT INTO user_table (firstname, lastname, email, username, password, created_at) VALUES ('Matthew', 'Steele', 'colemanwilliam@example.net', 'lindseyhernandez', '+9AB$x@aT0', '2023-03-13 21:26:58');
INSERT INTO user_email_verification_table (user_id, verified_at) VALUES (45, '2023-02-16 12:44:52');
INSERT INTO session_table (user_id, connected_at) VALUES (45, '2023-05-30 08:46:28');
INSERT INTO session_table (user_id, connected_at) VALUES (45, '2023-06-11 01:05:26');
INSERT INTO session_table (user_id, connected_at) VALUES (45, '2023-06-01 01:41:17');
INSERT INTO session_table (user_id, connected_at) VALUES (45, '2023-01-22 12:27:33');
INSERT INTO session_table (user_id, connected_at) VALUES (45, '2023-03-03 15:17:18');
INSERT INTO session_table (user_id, connected_at) VALUES (45, '2023-03-16 04:34:59');
INSERT INTO session_table (user_id, connected_at) VALUES (45, '2023-03-27 00:03:19');
INSERT INTO session_table (user_id, connected_at) VALUES (45, '2023-05-01 01:11:00');
INSERT INTO session_table (user_id, connected_at) VALUES (45, '2023-04-06 08:19:17');
INSERT INTO session_table (user_id, connected_at) VALUES (45, '2023-06-13 18:38:51');
INSERT INTO user_table (firstname, lastname, email, username, password, created_at) VALUES ('Patricia', 'Frazier', 'shannon22@example.org', 'sarahmueller', 'richmondstephen', '2023-05-19 20:04:10');
INSERT INTO user_email_verification_table (user_id, verified_at) VALUES (46, '2023-05-15 06:30:53');
INSERT INTO session_table (user_id, connected_at) VALUES (46, '2023-02-26 10:51:57');
INSERT INTO session_table (user_id, connected_at) VALUES (46, '2023-05-23 01:40:24');
INSERT INTO session_table (user_id, connected_at) VALUES (46, '2023-06-03 00:45:58');
INSERT INTO session_table (user_id, connected_at) VALUES (46, '2023-04-16 08:47:35');
INSERT INTO session_table (user_id, connected_at) VALUES (46, '2023-01-23 02:32:09');
INSERT INTO session_table (user_id, connected_at) VALUES (46, '2023-01-22 04:53:14');
INSERT INTO session_table (user_id, connected_at) VALUES (46, '2023-05-02 19:16:16');
INSERT INTO session_table (user_id, connected_at) VALUES (46, '2023-05-21 09:01:28');
INSERT INTO session_table (user_id, connected_at) VALUES (46, '2023-02-18 18:20:39');
INSERT INTO session_table (user_id, connected_at) VALUES (46, '2023-02-21 19:28:02');
INSERT INTO user_table (firstname, lastname, email, username, password, created_at) VALUES ('Norma', 'Monroe', 'jonathanrandolph@example.org', 'donovanaaron', 'adrienne45', '2023-03-31 22:06:12');
INSERT INTO user_email_verification_table (user_id, verified_at) VALUES (47, '2023-06-06 01:12:56');
INSERT INTO session_table (user_id, connected_at) VALUES (47, '2023-06-20 17:08:55');
INSERT INTO session_table (user_id, connected_at) VALUES (47, '2023-02-07 05:25:56');
INSERT INTO session_table (user_id, connected_at) VALUES (47, '2023-02-15 18:54:15');
INSERT INTO session_table (user_id, connected_at) VALUES (47, '2023-06-19 21:51:40');
INSERT INTO session_table (user_id, connected_at) VALUES (47, '2023-02-28 06:12:26');
INSERT INTO session_table (user_id, connected_at) VALUES (47, '2023-02-22 04:07:43');
INSERT INTO session_table (user_id, connected_at) VALUES (47, '2023-01-30 01:20:20');
INSERT INTO session_table (user_id, connected_at) VALUES (47, '2023-02-10 22:22:52');
INSERT INTO session_table (user_id, connected_at) VALUES (47, '2023-01-24 21:30:23');
INSERT INTO session_table (user_id, connected_at) VALUES (47, '2023-04-21 14:12:09');
INSERT INTO user_table (firstname, lastname, email, username, password, created_at) VALUES ('Wendy', 'Franco', 'chad54@example.com', 'stephanieknapp', 'brendagonzalez', '2023-05-19 00:54:01');
INSERT INTO user_email_verification_table (user_id, verified_at) VALUES (48, '2023-05-06 15:59:57');
INSERT INTO session_table (user_id, connected_at) VALUES (48, '2023-04-26 06:04:33');
INSERT INTO session_table (user_id, connected_at) VALUES (48, '2023-02-07 11:43:28');
INSERT INTO session_table (user_id, connected_at) VALUES (48, '2023-02-07 17:38:58');
INSERT INTO session_table (user_id, connected_at) VALUES (48, '2023-02-03 13:55:28');
INSERT INTO session_table (user_id, connected_at) VALUES (48, '2023-02-09 11:49:46');
INSERT INTO session_table (user_id, connected_at) VALUES (48, '2023-05-27 00:20:39');
INSERT INTO session_table (user_id, connected_at) VALUES (48, '2023-01-02 01:53:24');
INSERT INTO session_table (user_id, connected_at) VALUES (48, '2023-03-09 21:27:47');
INSERT INTO session_table (user_id, connected_at) VALUES (48, '2023-06-29 10:37:29');
INSERT INTO session_table (user_id, connected_at) VALUES (48, '2023-05-03 19:45:30');
INSERT INTO user_table (firstname, lastname, email, username, password, created_at) VALUES ('William', 'Jones', 'colekristopher@example.com', 'nmorrison', 'deborahbarnes', '2023-06-29 23:33:47');
INSERT INTO user_email_verification_table (user_id, verified_at) VALUES (49, '2023-05-19 13:24:28');
INSERT INTO session_table (user_id, connected_at) VALUES (49, '2023-04-21 17:18:34');
INSERT INTO session_table (user_id, connected_at) VALUES (49, '2023-06-14 00:36:52');
INSERT INTO session_table (user_id, connected_at) VALUES (49, '2023-06-27 03:45:25');
INSERT INTO session_table (user_id, connected_at) VALUES (49, '2023-04-13 04:01:16');
INSERT INTO session_table (user_id, connected_at) VALUES (49, '2023-06-24 16:43:40');
INSERT INTO session_table (user_id, connected_at) VALUES (49, '2023-06-23 11:58:43');
INSERT INTO session_table (user_id, connected_at) VALUES (49, '2023-03-02 11:10:46');
INSERT INTO session_table (user_id, connected_at) VALUES (49, '2023-04-28 02:08:34');
INSERT INTO session_table (user_id, connected_at) VALUES (49, '2023-01-08 15:42:29');
INSERT INTO session_table (user_id, connected_at) VALUES (49, '2023-04-23 17:32:09');
INSERT INTO user_table (firstname, lastname, email, username, password, created_at) VALUES ('Lauren', 'Wilson', 'pattersonroy@example.org', 'justinparker', 'hughesjoshua', '2023-05-23 08:48:24');
INSERT INTO user_email_verification_table (user_id, verified_at) VALUES (50, '2023-03-19 12:24:21');
INSERT INTO session_table (user_id, connected_at) VALUES (50, '2023-06-02 11:32:41');
INSERT INTO session_table (user_id, connected_at) VALUES (50, '2023-04-08 14:16:39');
INSERT INTO session_table (user_id, connected_at) VALUES (50, '2023-04-04 19:33:21');
INSERT INTO session_table (user_id, connected_at) VALUES (50, '2023-02-04 02:57:44');
INSERT INTO session_table (user_id, connected_at) VALUES (50, '2023-06-20 10:05:03');
INSERT INTO session_table (user_id, connected_at) VALUES (50, '2023-02-22 16:17:05');
INSERT INTO session_table (user_id, connected_at) VALUES (50, '2023-04-03 21:59:33');
INSERT INTO session_table (user_id, connected_at) VALUES (50, '2023-04-07 10:31:08');
INSERT INTO session_table (user_id, connected_at) VALUES (50, '2023-01-11 11:15:58');
INSERT INTO session_table (user_id, connected_at) VALUES (50, '2023-01-16 16:03:53');
INSERT INTO user_table (firstname, lastname, email, username, password, created_at) VALUES ('Tracy', 'Lowe', 'mjones@example.org', 'nelsonronald', 'nicholasbrown', '2023-01-30 16:29:59');
INSERT INTO user_email_verification_table (user_id, verified_at) VALUES (51, '2023-05-18 23:45:17');
INSERT INTO session_table (user_id, connected_at) VALUES (51, '2023-05-17 19:45:55');
INSERT INTO session_table (user_id, connected_at) VALUES (51, '2023-01-17 16:12:27');
INSERT INTO session_table (user_id, connected_at) VALUES (51, '2023-03-02 08:43:35');
INSERT INTO session_table (user_id, connected_at) VALUES (51, '2023-03-13 23:18:19');
INSERT INTO session_table (user_id, connected_at) VALUES (51, '2023-05-06 21:41:05');
INSERT INTO session_table (user_id, connected_at) VALUES (51, '2023-04-23 09:18:17');
INSERT INTO session_table (user_id, connected_at) VALUES (51, '2023-03-10 15:13:11');
INSERT INTO session_table (user_id, connected_at) VALUES (51, '2023-06-29 08:36:46');
INSERT INTO session_table (user_id, connected_at) VALUES (51, '2023-01-09 14:38:03');
INSERT INTO session_table (user_id, connected_at) VALUES (51, '2023-01-14 07:00:04');
INSERT INTO user_table (firstname, lastname, email, username, password, created_at) VALUES ('Angela', 'Reid', 'dawn60@example.com', 'mcneilcory', 'robertjacobs', '2023-05-24 10:11:10');
INSERT INTO user_email_verification_table (user_id, verified_at) VALUES (52, '2023-05-09 18:53:21');
INSERT INTO session_table (user_id, connected_at) VALUES (52, '2023-01-03 22:51:54');
INSERT INTO session_table (user_id, connected_at) VALUES (52, '2023-06-18 01:53:41');
INSERT INTO session_table (user_id, connected_at) VALUES (52, '2023-04-18 16:38:03');
INSERT INTO session_table (user_id, connected_at) VALUES (52, '2023-06-01 14:28:54');
INSERT INTO session_table (user_id, connected_at) VALUES (52, '2023-05-25 14:15:09');
INSERT INTO session_table (user_id, connected_at) VALUES (52, '2023-05-19 20:21:38');
INSERT INTO session_table (user_id, connected_at) VALUES (52, '2023-01-12 08:27:46');
INSERT INTO session_table (user_id, connected_at) VALUES (52, '2023-01-31 13:45:04');
INSERT INTO session_table (user_id, connected_at) VALUES (52, '2023-01-05 04:03:36');
INSERT INTO session_table (user_id, connected_at) VALUES (52, '2023-02-10 01:50:02');
INSERT INTO user_table (firstname, lastname, email, username, password, created_at) VALUES ('Monica', 'Nelson', 'forbeskatherine@example.org', 'jpatterson', 'katherinehunt', '2023-03-29 05:41:31');
INSERT INTO user_email_verification_table (user_id, verified_at) VALUES (53, '2023-02-22 20:29:01');
INSERT INTO session_table (user_id, connected_at) VALUES (53, '2023-03-13 22:37:28');
INSERT INTO session_table (user_id, connected_at) VALUES (53, '2023-06-13 10:05:18');
INSERT INTO session_table (user_id, connected_at) VALUES (53, '2023-04-19 10:10:53');
INSERT INTO session_table (user_id, connected_at) VALUES (53, '2023-04-03 19:13:02');
INSERT INTO session_table (user_id, connected_at) VALUES (53, '2023-03-13 06:44:12');
INSERT INTO session_table (user_id, connected_at) VALUES (53, '2023-04-13 22:00:12');
INSERT INTO session_table (user_id, connected_at) VALUES (53, '2023-06-10 03:23:06');
INSERT INTO session_table (user_id, connected_at) VALUES (53, '2023-05-29 05:32:54');
INSERT INTO session_table (user_id, connected_at) VALUES (53, '2023-01-31 08:46:59');
INSERT INTO session_table (user_id, connected_at) VALUES (53, '2023-06-09 06:44:04');
INSERT INTO user_table (firstname, lastname, email, username, password, created_at) VALUES ('Jose', 'Martinez', 'jferguson@example.org', 'fergusonvictoria', 'jennifer74', '2023-02-09 15:37:30');
INSERT INTO user_email_verification_table (user_id, verified_at) VALUES (54, '2023-05-09 01:06:29');
INSERT INTO session_table (user_id, connected_at) VALUES (54, '2023-05-01 20:17:42');
INSERT INTO session_table (user_id, connected_at) VALUES (54, '2023-06-05 23:35:59');
INSERT INTO session_table (user_id, connected_at) VALUES (54, '2023-01-24 05:04:07');
INSERT INTO session_table (user_id, connected_at) VALUES (54, '2023-01-17 18:11:54');
INSERT INTO session_table (user_id, connected_at) VALUES (54, '2023-04-08 09:52:22');
INSERT INTO session_table (user_id, connected_at) VALUES (54, '2023-03-28 18:49:25');
INSERT INTO session_table (user_id, connected_at) VALUES (54, '2023-01-19 17:16:09');
INSERT INTO session_table (user_id, connected_at) VALUES (54, '2023-05-16 11:44:37');
INSERT INTO session_table (user_id, connected_at) VALUES (54, '2023-01-20 03:45:55');
INSERT INTO session_table (user_id, connected_at) VALUES (54, '2023-06-21 14:58:58');
INSERT INTO user_table (firstname, lastname, email, username, password, created_at) VALUES ('Barry', 'Lee', 'stevensondeborah@example.org', 'hfitzgerald', 'spencerrebecca', '2023-04-03 23:33:45');
INSERT INTO user_email_verification_table (user_id, verified_at) VALUES (55, '2023-05-15 13:05:24');
INSERT INTO session_table (user_id, connected_at) VALUES (55, '2023-01-22 08:19:22');
INSERT INTO session_table (user_id, connected_at) VALUES (55, '2023-05-19 03:50:27');
INSERT INTO session_table (user_id, connected_at) VALUES (55, '2023-06-13 08:18:07');
INSERT INTO session_table (user_id, connected_at) VALUES (55, '2023-03-13 21:07:54');
INSERT INTO session_table (user_id, connected_at) VALUES (55, '2023-03-27 01:28:29');
INSERT INTO session_table (user_id, connected_at) VALUES (55, '2023-03-17 20:55:55');
INSERT INTO session_table (user_id, connected_at) VALUES (55, '2023-03-24 07:28:06');
INSERT INTO session_table (user_id, connected_at) VALUES (55, '2023-06-16 08:22:38');
INSERT INTO session_table (user_id, connected_at) VALUES (55, '2023-06-16 08:51:02');
INSERT INTO session_table (user_id, connected_at) VALUES (55, '2023-01-10 22:21:49');
INSERT INTO user_table (firstname, lastname, email, username, password, created_at) VALUES ('Michael', 'Williams', 'clarkemark@example.org', 'caitlinwilson', 'fisherjohn', '2023-03-25 00:26:50');
INSERT INTO user_email_verification_table (user_id, verified_at) VALUES (56, '2023-03-07 18:32:35');
INSERT INTO session_table (user_id, connected_at) VALUES (56, '2023-04-19 15:06:35');
INSERT INTO session_table (user_id, connected_at) VALUES (56, '2023-05-09 14:23:10');
INSERT INTO session_table (user_id, connected_at) VALUES (56, '2023-04-22 06:31:03');
INSERT INTO session_table (user_id, connected_at) VALUES (56, '2023-05-30 09:13:36');
INSERT INTO session_table (user_id, connected_at) VALUES (56, '2023-03-14 14:16:35');
INSERT INTO session_table (user_id, connected_at) VALUES (56, '2023-03-14 08:11:51');
INSERT INTO session_table (user_id, connected_at) VALUES (56, '2023-05-03 01:31:16');
INSERT INTO session_table (user_id, connected_at) VALUES (56, '2023-06-21 23:07:14');
INSERT INTO session_table (user_id, connected_at) VALUES (56, '2023-03-24 16:08:34');
INSERT INTO session_table (user_id, connected_at) VALUES (56, '2023-02-07 03:27:42');
INSERT INTO user_table (firstname, lastname, email, username, password, created_at) VALUES ('Kerri', 'Fisher', 'curtis89@example.com', 'robertssteven', ')%7*gAPcFa', '2023-04-05 06:21:08');
INSERT INTO user_email_verification_table (user_id, verified_at) VALUES (57, '2023-01-18 06:44:21');
INSERT INTO session_table (user_id, connected_at) VALUES (57, '2023-01-19 03:53:47');
INSERT INTO session_table (user_id, connected_at) VALUES (57, '2023-03-13 23:37:27');
INSERT INTO session_table (user_id, connected_at) VALUES (57, '2023-03-21 07:19:53');
INSERT INTO session_table (user_id, connected_at) VALUES (57, '2023-06-13 14:37:27');
INSERT INTO session_table (user_id, connected_at) VALUES (57, '2023-05-12 09:58:52');
INSERT INTO session_table (user_id, connected_at) VALUES (57, '2023-06-11 09:29:02');
INSERT INTO session_table (user_id, connected_at) VALUES (57, '2023-01-09 02:34:40');
INSERT INTO session_table (user_id, connected_at) VALUES (57, '2023-05-26 02:42:40');
INSERT INTO session_table (user_id, connected_at) VALUES (57, '2023-04-27 03:39:47');
INSERT INTO session_table (user_id, connected_at) VALUES (57, '2023-02-20 19:49:21');
INSERT INTO user_table (firstname, lastname, email, username, password, created_at) VALUES ('Nicholas', 'Roy', 'james74@example.net', 'andersonheather', 'heathanthony', '2023-06-13 00:30:13');
INSERT INTO user_email_verification_table (user_id, verified_at) VALUES (58, '2023-03-29 03:53:12');
INSERT INTO session_table (user_id, connected_at) VALUES (58, '2023-04-11 18:10:49');
INSERT INTO session_table (user_id, connected_at) VALUES (58, '2023-05-22 12:12:42');
INSERT INTO session_table (user_id, connected_at) VALUES (58, '2023-04-18 15:01:55');
INSERT INTO session_table (user_id, connected_at) VALUES (58, '2023-03-22 11:58:36');
INSERT INTO session_table (user_id, connected_at) VALUES (58, '2023-04-02 01:46:33');
INSERT INTO session_table (user_id, connected_at) VALUES (58, '2023-04-22 15:47:42');
INSERT INTO session_table (user_id, connected_at) VALUES (58, '2023-03-27 04:24:27');
INSERT INTO session_table (user_id, connected_at) VALUES (58, '2023-02-12 16:03:52');
INSERT INTO session_table (user_id, connected_at) VALUES (58, '2023-06-01 06:22:21');
INSERT INTO session_table (user_id, connected_at) VALUES (58, '2023-03-21 18:49:34');
INSERT INTO user_table (firstname, lastname, email, username, password, created_at) VALUES ('John', 'Brown', 'jenniferterrell@example.com', 'michaeljordan', 'monroemichael', '2023-01-25 09:41:22');
INSERT INTO user_email_verification_table (user_id, verified_at) VALUES (59, '2023-05-17 21:10:59');
INSERT INTO session_table (user_id, connected_at) VALUES (59, '2023-06-19 14:40:32');
INSERT INTO session_table (user_id, connected_at) VALUES (59, '2023-03-26 07:30:20');
INSERT INTO session_table (user_id, connected_at) VALUES (59, '2023-04-27 21:02:02');
INSERT INTO session_table (user_id, connected_at) VALUES (59, '2023-03-13 20:38:48');
INSERT INTO session_table (user_id, connected_at) VALUES (59, '2023-03-11 17:10:28');
INSERT INTO session_table (user_id, connected_at) VALUES (59, '2023-05-30 21:41:01');
INSERT INTO session_table (user_id, connected_at) VALUES (59, '2023-04-26 22:42:08');
INSERT INTO session_table (user_id, connected_at) VALUES (59, '2023-02-21 05:38:51');
INSERT INTO session_table (user_id, connected_at) VALUES (59, '2023-03-19 07:18:01');
INSERT INTO session_table (user_id, connected_at) VALUES (59, '2023-04-26 13:59:04');
INSERT INTO user_table (firstname, lastname, email, username, password, created_at) VALUES ('Jonathan', 'Bennett', 'thomas58@example.com', 'juliarandall', 'franklinjessica', '2023-03-05 23:25:03');
INSERT INTO user_email_verification_table (user_id, verified_at) VALUES (60, '2023-05-27 11:34:15');
INSERT INTO session_table (user_id, connected_at) VALUES (60, '2023-03-09 08:48:54');
INSERT INTO session_table (user_id, connected_at) VALUES (60, '2023-05-25 14:07:52');
INSERT INTO session_table (user_id, connected_at) VALUES (60, '2023-01-10 19:08:45');
INSERT INTO session_table (user_id, connected_at) VALUES (60, '2023-06-24 23:00:17');
INSERT INTO session_table (user_id, connected_at) VALUES (60, '2023-03-09 13:25:51');
INSERT INTO session_table (user_id, connected_at) VALUES (60, '2023-05-31 17:19:20');
INSERT INTO session_table (user_id, connected_at) VALUES (60, '2023-03-23 23:52:16');
INSERT INTO session_table (user_id, connected_at) VALUES (60, '2023-02-19 12:06:27');
INSERT INTO session_table (user_id, connected_at) VALUES (60, '2023-01-12 01:49:44');
INSERT INTO session_table (user_id, connected_at) VALUES (60, '2023-05-12 06:58:14');
INSERT INTO user_table (firstname, lastname, email, username, password, created_at) VALUES ('Erica', 'Stanton', 'andrea95@example.com', 'erinorozco', '%5hMCiXb*z', '2023-05-29 11:19:44');
INSERT INTO user_email_verification_table (user_id, verified_at) VALUES (61, '2023-01-21 14:13:17');
INSERT INTO session_table (user_id, connected_at) VALUES (61, '2023-01-12 11:16:01');
INSERT INTO session_table (user_id, connected_at) VALUES (61, '2023-01-24 14:00:31');
INSERT INTO session_table (user_id, connected_at) VALUES (61, '2023-05-31 18:04:37');
INSERT INTO session_table (user_id, connected_at) VALUES (61, '2023-02-12 13:25:31');
INSERT INTO session_table (user_id, connected_at) VALUES (61, '2023-03-20 08:28:59');
INSERT INTO session_table (user_id, connected_at) VALUES (61, '2023-01-19 17:48:54');
INSERT INTO session_table (user_id, connected_at) VALUES (61, '2023-04-10 20:33:50');
INSERT INTO session_table (user_id, connected_at) VALUES (61, '2023-01-31 13:58:59');
INSERT INTO session_table (user_id, connected_at) VALUES (61, '2023-03-29 05:12:32');
INSERT INTO session_table (user_id, connected_at) VALUES (61, '2023-02-24 03:02:54');
INSERT INTO user_table (firstname, lastname, email, username, password, created_at) VALUES ('Brittany', 'Padilla', 'gloria92@example.net', 'bjacobson', '*81mTinvMY', '2023-05-01 12:09:44');
INSERT INTO user_email_verification_table (user_id, verified_at) VALUES (62, '2023-01-02 06:53:59');
INSERT INTO session_table (user_id, connected_at) VALUES (62, '2023-04-13 10:25:05');
INSERT INTO session_table (user_id, connected_at) VALUES (62, '2023-05-04 01:12:52');
INSERT INTO session_table (user_id, connected_at) VALUES (62, '2023-01-17 11:53:06');
INSERT INTO session_table (user_id, connected_at) VALUES (62, '2023-05-31 04:50:46');
INSERT INTO session_table (user_id, connected_at) VALUES (62, '2023-03-29 03:49:15');
INSERT INTO session_table (user_id, connected_at) VALUES (62, '2023-04-03 21:38:41');
INSERT INTO session_table (user_id, connected_at) VALUES (62, '2023-02-07 12:37:58');
INSERT INTO session_table (user_id, connected_at) VALUES (62, '2023-06-29 10:13:20');
INSERT INTO session_table (user_id, connected_at) VALUES (62, '2023-04-25 02:31:51');
INSERT INTO session_table (user_id, connected_at) VALUES (62, '2023-03-28 14:47:15');
INSERT INTO user_table (firstname, lastname, email, username, password, created_at) VALUES ('Trevor', 'White', 'faguilar@example.com', 'oliverwendy', '#(3@AP%q&e', '2023-02-06 01:34:08');
INSERT INTO user_email_verification_table (user_id, verified_at) VALUES (63, '2023-04-19 13:17:57');
INSERT INTO session_table (user_id, connected_at) VALUES (63, '2023-03-11 20:28:58');
INSERT INTO session_table (user_id, connected_at) VALUES (63, '2023-05-18 01:39:27');
INSERT INTO session_table (user_id, connected_at) VALUES (63, '2023-02-05 02:40:15');
INSERT INTO session_table (user_id, connected_at) VALUES (63, '2023-05-23 14:10:59');
INSERT INTO session_table (user_id, connected_at) VALUES (63, '2023-04-01 22:52:35');
INSERT INTO session_table (user_id, connected_at) VALUES (63, '2023-02-18 12:09:00');
INSERT INTO session_table (user_id, connected_at) VALUES (63, '2023-04-25 04:40:44');
INSERT INTO session_table (user_id, connected_at) VALUES (63, '2023-03-07 15:02:11');
INSERT INTO session_table (user_id, connected_at) VALUES (63, '2023-06-09 05:32:20');
INSERT INTO session_table (user_id, connected_at) VALUES (63, '2023-05-01 23:26:05');
INSERT INTO user_table (firstname, lastname, email, username, password, created_at) VALUES ('Theodore', 'Brown', 'hurleyvanessa@example.org', 'douglasperry', 'antonio70', '2023-02-24 04:54:15');
INSERT INTO user_email_verification_table (user_id, verified_at) VALUES (64, '2023-05-29 10:46:27');
INSERT INTO session_table (user_id, connected_at) VALUES (64, '2023-06-24 01:39:54');
INSERT INTO session_table (user_id, connected_at) VALUES (64, '2023-02-22 09:03:51');
INSERT INTO session_table (user_id, connected_at) VALUES (64, '2023-02-11 20:11:57');
INSERT INTO session_table (user_id, connected_at) VALUES (64, '2023-01-12 09:55:25');
INSERT INTO session_table (user_id, connected_at) VALUES (64, '2023-04-06 01:02:29');
INSERT INTO session_table (user_id, connected_at) VALUES (64, '2023-01-09 05:05:52');
INSERT INTO session_table (user_id, connected_at) VALUES (64, '2023-04-22 21:49:13');
INSERT INTO session_table (user_id, connected_at) VALUES (64, '2023-02-13 21:31:18');
INSERT INTO session_table (user_id, connected_at) VALUES (64, '2023-04-21 02:13:31');
INSERT INTO session_table (user_id, connected_at) VALUES (64, '2023-04-01 11:54:27');
INSERT INTO user_table (firstname, lastname, email, username, password, created_at) VALUES ('Jeffrey', 'Scott', 'camachoshane@example.net', 'clifford52', 'h3!S!rUm#T', '2023-01-14 02:59:58');
INSERT INTO user_email_verification_table (user_id, verified_at) VALUES (65, '2023-01-10 10:38:51');
INSERT INTO session_table (user_id, connected_at) VALUES (65, '2023-03-19 06:52:52');
INSERT INTO session_table (user_id, connected_at) VALUES (65, '2023-01-16 22:32:34');
INSERT INTO session_table (user_id, connected_at) VALUES (65, '2023-01-23 09:46:39');
INSERT INTO session_table (user_id, connected_at) VALUES (65, '2023-05-08 02:46:10');
INSERT INTO session_table (user_id, connected_at) VALUES (65, '2023-04-10 19:15:40');
INSERT INTO session_table (user_id, connected_at) VALUES (65, '2023-05-23 16:09:30');
INSERT INTO session_table (user_id, connected_at) VALUES (65, '2023-06-04 02:02:19');
INSERT INTO session_table (user_id, connected_at) VALUES (65, '2023-05-15 08:37:57');
INSERT INTO session_table (user_id, connected_at) VALUES (65, '2023-05-04 14:07:09');
INSERT INTO session_table (user_id, connected_at) VALUES (65, '2023-01-31 12:05:10');
INSERT INTO user_table (firstname, lastname, email, username, password, created_at) VALUES ('Andre', 'Burns', 'bishoplaura@example.org', 'danielmorales', 'chamilton', '2023-04-24 02:28:43');
INSERT INTO user_email_verification_table (user_id, verified_at) VALUES (66, '2023-05-18 19:10:23');
INSERT INTO session_table (user_id, connected_at) VALUES (66, '2023-03-14 12:27:57');
INSERT INTO session_table (user_id, connected_at) VALUES (66, '2023-02-24 07:53:09');
INSERT INTO session_table (user_id, connected_at) VALUES (66, '2023-04-21 14:18:49');
INSERT INTO session_table (user_id, connected_at) VALUES (66, '2023-02-21 13:04:37');
INSERT INTO session_table (user_id, connected_at) VALUES (66, '2023-02-11 11:47:44');
INSERT INTO session_table (user_id, connected_at) VALUES (66, '2023-03-28 06:40:31');
INSERT INTO session_table (user_id, connected_at) VALUES (66, '2023-01-19 12:05:56');
INSERT INTO session_table (user_id, connected_at) VALUES (66, '2023-05-23 18:33:32');
INSERT INTO session_table (user_id, connected_at) VALUES (66, '2023-06-19 18:17:09');
INSERT INTO session_table (user_id, connected_at) VALUES (66, '2023-06-28 01:12:27');
INSERT INTO user_table (firstname, lastname, email, username, password, created_at) VALUES ('Jennifer', 'Kelly', 'stephen34@example.org', 'hansencraig', 'daniellehurst', '2023-05-05 13:46:08');
INSERT INTO user_email_verification_table (user_id, verified_at) VALUES (67, '2023-03-21 16:03:01');
INSERT INTO session_table (user_id, connected_at) VALUES (67, '2023-02-21 20:06:49');
INSERT INTO session_table (user_id, connected_at) VALUES (67, '2023-05-14 12:25:57');
INSERT INTO session_table (user_id, connected_at) VALUES (67, '2023-02-23 06:58:37');
INSERT INTO session_table (user_id, connected_at) VALUES (67, '2023-05-06 00:18:17');
INSERT INTO session_table (user_id, connected_at) VALUES (67, '2023-03-14 03:55:34');
INSERT INTO session_table (user_id, connected_at) VALUES (67, '2023-04-17 15:02:34');
INSERT INTO session_table (user_id, connected_at) VALUES (67, '2023-01-12 01:50:14');
INSERT INTO session_table (user_id, connected_at) VALUES (67, '2023-02-18 15:30:55');
INSERT INTO session_table (user_id, connected_at) VALUES (67, '2023-05-27 14:33:50');
INSERT INTO session_table (user_id, connected_at) VALUES (67, '2023-06-28 04:56:22');
INSERT INTO user_table (firstname, lastname, email, username, password, created_at) VALUES ('Anita', 'Stevens', 'rhodeserin@example.org', 'garnerjordan', 'stephen86', '2023-02-15 10:55:35');
INSERT INTO user_email_verification_table (user_id, verified_at) VALUES (68, '2023-01-16 14:09:22');
INSERT INTO session_table (user_id, connected_at) VALUES (68, '2023-06-28 13:30:09');
INSERT INTO session_table (user_id, connected_at) VALUES (68, '2023-03-03 01:18:00');
INSERT INTO session_table (user_id, connected_at) VALUES (68, '2023-04-23 09:21:49');
INSERT INTO session_table (user_id, connected_at) VALUES (68, '2023-04-28 02:14:52');
INSERT INTO session_table (user_id, connected_at) VALUES (68, '2023-06-28 09:43:25');
INSERT INTO session_table (user_id, connected_at) VALUES (68, '2023-04-25 22:06:47');
INSERT INTO session_table (user_id, connected_at) VALUES (68, '2023-02-12 16:11:05');
INSERT INTO session_table (user_id, connected_at) VALUES (68, '2023-05-06 01:40:46');
INSERT INTO session_table (user_id, connected_at) VALUES (68, '2023-05-02 11:14:12');
INSERT INTO session_table (user_id, connected_at) VALUES (68, '2023-05-01 12:42:29');
INSERT INTO user_table (firstname, lastname, email, username, password, created_at) VALUES ('Joel', 'Potter', 'joseph39@example.com', 'sandramooney', 'leevictor', '2023-06-16 03:53:48');
INSERT INTO user_email_verification_table (user_id, verified_at) VALUES (69, '2023-03-22 12:29:41');
INSERT INTO session_table (user_id, connected_at) VALUES (69, '2023-06-12 06:26:01');
INSERT INTO session_table (user_id, connected_at) VALUES (69, '2023-02-12 16:33:07');
INSERT INTO session_table (user_id, connected_at) VALUES (69, '2023-01-05 02:16:54');
INSERT INTO session_table (user_id, connected_at) VALUES (69, '2023-01-05 13:09:22');
INSERT INTO session_table (user_id, connected_at) VALUES (69, '2023-02-28 16:04:51');
INSERT INTO session_table (user_id, connected_at) VALUES (69, '2023-01-07 08:22:34');
INSERT INTO session_table (user_id, connected_at) VALUES (69, '2023-06-05 13:18:46');
INSERT INTO session_table (user_id, connected_at) VALUES (69, '2023-01-26 08:21:03');
INSERT INTO session_table (user_id, connected_at) VALUES (69, '2023-04-03 13:41:54');
INSERT INTO session_table (user_id, connected_at) VALUES (69, '2023-05-09 09:02:57');
INSERT INTO user_table (firstname, lastname, email, username, password, created_at) VALUES ('Jessica', 'Jackson', 'anthonygross@example.org', 'reynoldscrystal', 'johnsoncurtis', '2023-01-01 13:54:44');
INSERT INTO user_email_verification_table (user_id, verified_at) VALUES (70, '2023-06-28 07:08:35');
INSERT INTO session_table (user_id, connected_at) VALUES (70, '2023-01-02 11:51:10');
INSERT INTO session_table (user_id, connected_at) VALUES (70, '2023-05-21 10:36:43');
INSERT INTO session_table (user_id, connected_at) VALUES (70, '2023-02-28 03:59:31');
INSERT INTO session_table (user_id, connected_at) VALUES (70, '2023-04-08 12:26:25');
INSERT INTO session_table (user_id, connected_at) VALUES (70, '2023-05-17 02:41:22');
INSERT INTO session_table (user_id, connected_at) VALUES (70, '2023-02-06 02:05:29');
INSERT INTO session_table (user_id, connected_at) VALUES (70, '2023-04-03 06:24:46');
INSERT INTO session_table (user_id, connected_at) VALUES (70, '2023-03-19 08:37:08');
INSERT INTO session_table (user_id, connected_at) VALUES (70, '2023-03-28 05:03:51');
INSERT INTO session_table (user_id, connected_at) VALUES (70, '2023-05-02 19:46:35');
INSERT INTO user_table (firstname, lastname, email, username, password, created_at) VALUES ('Christine', 'Myers', 'waynepatton@example.org', 'paulbennett', 'dQs)_2AmNJ', '2023-02-14 11:48:51');
INSERT INTO user_email_verification_table (user_id, verified_at) VALUES (71, '2023-01-17 05:54:38');
INSERT INTO session_table (user_id, connected_at) VALUES (71, '2023-05-14 18:26:35');
INSERT INTO session_table (user_id, connected_at) VALUES (71, '2023-01-05 00:45:01');
INSERT INTO session_table (user_id, connected_at) VALUES (71, '2023-03-29 12:37:07');
INSERT INTO session_table (user_id, connected_at) VALUES (71, '2023-05-14 20:46:47');
INSERT INTO session_table (user_id, connected_at) VALUES (71, '2023-05-18 04:24:52');
INSERT INTO session_table (user_id, connected_at) VALUES (71, '2023-04-09 09:49:30');
INSERT INTO session_table (user_id, connected_at) VALUES (71, '2023-05-09 14:16:20');
INSERT INTO session_table (user_id, connected_at) VALUES (71, '2023-02-20 08:32:46');
INSERT INTO session_table (user_id, connected_at) VALUES (71, '2023-01-08 03:18:37');
INSERT INTO session_table (user_id, connected_at) VALUES (71, '2023-02-20 16:51:02');
INSERT INTO user_table (firstname, lastname, email, username, password, created_at) VALUES ('Karen', 'Bauer', 'pbowman@example.com', 'clarkmichelle', 'gabrielmeza', '2023-05-08 21:48:57');
INSERT INTO user_email_verification_table (user_id, verified_at) VALUES (72, '2023-03-02 07:58:05');
INSERT INTO session_table (user_id, connected_at) VALUES (72, '2023-04-30 18:23:53');
INSERT INTO session_table (user_id, connected_at) VALUES (72, '2023-04-21 19:22:05');
INSERT INTO session_table (user_id, connected_at) VALUES (72, '2023-04-26 12:43:38');
INSERT INTO session_table (user_id, connected_at) VALUES (72, '2023-04-26 04:50:25');
INSERT INTO session_table (user_id, connected_at) VALUES (72, '2023-05-26 21:56:17');
INSERT INTO session_table (user_id, connected_at) VALUES (72, '2023-05-18 03:54:16');
INSERT INTO session_table (user_id, connected_at) VALUES (72, '2023-04-25 02:56:29');
INSERT INTO session_table (user_id, connected_at) VALUES (72, '2023-02-03 11:58:29');
INSERT INTO session_table (user_id, connected_at) VALUES (72, '2023-06-16 18:38:44');
INSERT INTO session_table (user_id, connected_at) VALUES (72, '2023-06-11 13:03:55');
INSERT INTO user_table (firstname, lastname, email, username, password, created_at) VALUES ('Randy', 'Galvan', 'qleonard@example.com', 'andersonjames', 'hudsonmark', '2023-01-23 04:34:36');
INSERT INTO user_email_verification_table (user_id, verified_at) VALUES (73, '2023-03-28 23:23:29');
INSERT INTO session_table (user_id, connected_at) VALUES (73, '2023-04-20 11:51:13');
INSERT INTO session_table (user_id, connected_at) VALUES (73, '2023-03-29 16:02:54');
INSERT INTO session_table (user_id, connected_at) VALUES (73, '2023-05-08 20:28:45');
INSERT INTO session_table (user_id, connected_at) VALUES (73, '2023-01-16 20:54:53');
INSERT INTO session_table (user_id, connected_at) VALUES (73, '2023-03-14 10:35:54');
INSERT INTO session_table (user_id, connected_at) VALUES (73, '2023-06-01 18:44:04');
INSERT INTO session_table (user_id, connected_at) VALUES (73, '2023-03-25 09:11:54');
INSERT INTO session_table (user_id, connected_at) VALUES (73, '2023-03-27 21:08:31');
INSERT INTO session_table (user_id, connected_at) VALUES (73, '2023-04-06 14:53:03');
INSERT INTO session_table (user_id, connected_at) VALUES (73, '2023-03-05 03:26:33');
INSERT INTO user_table (firstname, lastname, email, username, password, created_at) VALUES ('Robert', 'Thompson', 'njensen@example.net', 'elizabethphillips', 'dcI3L(lU@2', '2023-01-24 17:34:14');
INSERT INTO user_email_verification_table (user_id, verified_at) VALUES (74, '2023-01-25 13:56:34');
INSERT INTO session_table (user_id, connected_at) VALUES (74, '2023-02-06 22:03:40');
INSERT INTO session_table (user_id, connected_at) VALUES (74, '2023-05-01 08:44:21');
INSERT INTO session_table (user_id, connected_at) VALUES (74, '2023-01-07 03:52:51');
INSERT INTO session_table (user_id, connected_at) VALUES (74, '2023-04-09 23:12:56');
INSERT INTO session_table (user_id, connected_at) VALUES (74, '2023-03-26 06:43:42');
INSERT INTO session_table (user_id, connected_at) VALUES (74, '2023-04-12 22:25:40');
INSERT INTO session_table (user_id, connected_at) VALUES (74, '2023-05-31 12:18:50');
INSERT INTO session_table (user_id, connected_at) VALUES (74, '2023-03-07 09:58:01');
INSERT INTO session_table (user_id, connected_at) VALUES (74, '2023-01-04 11:40:42');
INSERT INTO session_table (user_id, connected_at) VALUES (74, '2023-03-30 07:17:56');
INSERT INTO user_table (firstname, lastname, email, username, password, created_at) VALUES ('Cynthia', 'Howard', 'justinhowell@example.com', 'bryansanchez', 'gilbertgreer', '2023-01-24 11:17:37');
INSERT INTO user_email_verification_table (user_id, verified_at) VALUES (75, '2023-01-19 13:58:42');
INSERT INTO session_table (user_id, connected_at) VALUES (75, '2023-02-19 19:42:10');
INSERT INTO session_table (user_id, connected_at) VALUES (75, '2023-03-05 09:17:38');
INSERT INTO session_table (user_id, connected_at) VALUES (75, '2023-06-18 02:33:55');
INSERT INTO session_table (user_id, connected_at) VALUES (75, '2023-03-08 14:02:26');
INSERT INTO session_table (user_id, connected_at) VALUES (75, '2023-02-09 02:03:22');
INSERT INTO session_table (user_id, connected_at) VALUES (75, '2023-02-08 09:11:23');
INSERT INTO session_table (user_id, connected_at) VALUES (75, '2023-01-05 01:26:16');
INSERT INTO session_table (user_id, connected_at) VALUES (75, '2023-01-26 15:49:30');
INSERT INTO session_table (user_id, connected_at) VALUES (75, '2023-06-13 09:11:26');
INSERT INTO session_table (user_id, connected_at) VALUES (75, '2023-03-29 13:44:26');
INSERT INTO user_table (firstname, lastname, email, username, password, created_at) VALUES ('Charles', 'Snow', 'rbeck@example.com', 'christina32', 'brittney53', '2023-03-29 01:11:06');
INSERT INTO user_email_verification_table (user_id, verified_at) VALUES (76, '2023-03-29 20:43:25');
INSERT INTO session_table (user_id, connected_at) VALUES (76, '2023-05-16 17:23:08');
INSERT INTO session_table (user_id, connected_at) VALUES (76, '2023-03-22 23:43:40');
INSERT INTO session_table (user_id, connected_at) VALUES (76, '2023-05-26 02:28:56');
INSERT INTO session_table (user_id, connected_at) VALUES (76, '2023-02-24 12:32:33');
INSERT INTO session_table (user_id, connected_at) VALUES (76, '2023-02-18 03:55:10');
INSERT INTO session_table (user_id, connected_at) VALUES (76, '2023-06-29 00:29:01');
INSERT INTO session_table (user_id, connected_at) VALUES (76, '2023-04-13 07:19:01');
INSERT INTO session_table (user_id, connected_at) VALUES (76, '2023-02-07 00:05:03');
INSERT INTO session_table (user_id, connected_at) VALUES (76, '2023-05-04 16:10:28');
INSERT INTO session_table (user_id, connected_at) VALUES (76, '2023-05-04 22:40:06');
INSERT INTO user_table (firstname, lastname, email, username, password, created_at) VALUES ('Nicole', 'Welch', 'susannelson@example.net', 'benjamin81', 'cassandra16', '2023-03-03 12:10:20');
INSERT INTO user_email_verification_table (user_id, verified_at) VALUES (77, '2023-04-12 09:13:00');
INSERT INTO session_table (user_id, connected_at) VALUES (77, '2023-06-24 21:19:01');
INSERT INTO session_table (user_id, connected_at) VALUES (77, '2023-03-23 12:06:49');
INSERT INTO session_table (user_id, connected_at) VALUES (77, '2023-02-11 04:51:48');
INSERT INTO session_table (user_id, connected_at) VALUES (77, '2023-02-20 11:12:41');
INSERT INTO session_table (user_id, connected_at) VALUES (77, '2023-05-31 14:20:16');
INSERT INTO session_table (user_id, connected_at) VALUES (77, '2023-04-08 19:24:17');
INSERT INTO session_table (user_id, connected_at) VALUES (77, '2023-01-21 02:54:52');
INSERT INTO session_table (user_id, connected_at) VALUES (77, '2023-01-01 21:39:42');
INSERT INTO session_table (user_id, connected_at) VALUES (77, '2023-01-11 01:59:33');
INSERT INTO session_table (user_id, connected_at) VALUES (77, '2023-02-21 07:50:53');
INSERT INTO user_table (firstname, lastname, email, username, password, created_at) VALUES ('Robert', 'Walker', 'navarrojennifer@example.org', 'malloryenglish', '!7nR8KOv*q', '2023-05-04 22:51:43');
INSERT INTO user_email_verification_table (user_id, verified_at) VALUES (78, '2023-01-03 22:03:27');
INSERT INTO session_table (user_id, connected_at) VALUES (78, '2023-04-05 10:35:38');
INSERT INTO session_table (user_id, connected_at) VALUES (78, '2023-04-20 07:12:22');
INSERT INTO session_table (user_id, connected_at) VALUES (78, '2023-01-14 04:37:49');
INSERT INTO session_table (user_id, connected_at) VALUES (78, '2023-05-06 15:03:19');
INSERT INTO session_table (user_id, connected_at) VALUES (78, '2023-02-14 13:07:11');
INSERT INTO session_table (user_id, connected_at) VALUES (78, '2023-01-08 02:05:54');
INSERT INTO session_table (user_id, connected_at) VALUES (78, '2023-05-23 15:40:42');
INSERT INTO session_table (user_id, connected_at) VALUES (78, '2023-03-13 07:45:42');
INSERT INTO session_table (user_id, connected_at) VALUES (78, '2023-06-15 23:47:27');
INSERT INTO session_table (user_id, connected_at) VALUES (78, '2023-02-02 01:41:05');
INSERT INTO user_table (firstname, lastname, email, username, password, created_at) VALUES ('Joseph', 'Martin', 'wesleymurray@example.org', 'abigail68', 'veronica80', '2023-04-18 22:47:22');
INSERT INTO user_email_verification_table (user_id, verified_at) VALUES (79, '2023-01-09 07:52:21');
INSERT INTO session_table (user_id, connected_at) VALUES (79, '2023-06-19 03:18:32');
INSERT INTO session_table (user_id, connected_at) VALUES (79, '2023-03-05 21:09:00');
INSERT INTO session_table (user_id, connected_at) VALUES (79, '2023-06-21 05:59:39');
INSERT INTO session_table (user_id, connected_at) VALUES (79, '2023-02-14 14:06:32');
INSERT INTO session_table (user_id, connected_at) VALUES (79, '2023-03-05 07:55:58');
INSERT INTO session_table (user_id, connected_at) VALUES (79, '2023-01-22 13:39:26');
INSERT INTO session_table (user_id, connected_at) VALUES (79, '2023-03-30 04:33:17');
INSERT INTO session_table (user_id, connected_at) VALUES (79, '2023-06-25 14:25:02');
INSERT INTO session_table (user_id, connected_at) VALUES (79, '2023-04-28 02:45:15');
INSERT INTO session_table (user_id, connected_at) VALUES (79, '2023-03-18 04:20:03');
INSERT INTO user_table (firstname, lastname, email, username, password, created_at) VALUES ('Donna', 'Koch', 'erica48@example.net', 'corymartin', '_b5PdI7zrf', '2023-04-02 07:14:51');
INSERT INTO user_email_verification_table (user_id, verified_at) VALUES (80, '2023-04-15 00:37:23');
INSERT INTO session_table (user_id, connected_at) VALUES (80, '2023-06-27 21:24:19');
INSERT INTO session_table (user_id, connected_at) VALUES (80, '2023-04-01 08:41:35');
INSERT INTO session_table (user_id, connected_at) VALUES (80, '2023-03-17 06:41:25');
INSERT INTO session_table (user_id, connected_at) VALUES (80, '2023-06-03 20:29:19');
INSERT INTO session_table (user_id, connected_at) VALUES (80, '2023-03-26 00:01:04');
INSERT INTO session_table (user_id, connected_at) VALUES (80, '2023-06-28 10:19:42');
INSERT INTO session_table (user_id, connected_at) VALUES (80, '2023-04-20 15:03:29');
INSERT INTO session_table (user_id, connected_at) VALUES (80, '2023-06-16 14:34:45');
INSERT INTO session_table (user_id, connected_at) VALUES (80, '2023-05-03 00:04:29');
INSERT INTO session_table (user_id, connected_at) VALUES (80, '2023-03-31 09:29:25');
INSERT INTO user_table (firstname, lastname, email, username, password, created_at) VALUES ('Vicki', 'Alexander', 'kellycraig@example.net', 'joneseric', 'cortezemily', '2023-04-08 18:29:24');
INSERT INTO user_email_verification_table (user_id, verified_at) VALUES (81, '2023-03-12 05:50:56');
INSERT INTO session_table (user_id, connected_at) VALUES (81, '2023-01-11 03:39:11');
INSERT INTO session_table (user_id, connected_at) VALUES (81, '2023-02-04 19:48:41');
INSERT INTO session_table (user_id, connected_at) VALUES (81, '2023-04-27 04:14:43');
INSERT INTO session_table (user_id, connected_at) VALUES (81, '2023-06-25 06:05:21');
INSERT INTO session_table (user_id, connected_at) VALUES (81, '2023-02-05 05:56:12');
INSERT INTO session_table (user_id, connected_at) VALUES (81, '2023-06-20 22:57:26');
INSERT INTO session_table (user_id, connected_at) VALUES (81, '2023-04-05 21:44:38');
INSERT INTO session_table (user_id, connected_at) VALUES (81, '2023-03-29 08:55:03');
INSERT INTO session_table (user_id, connected_at) VALUES (81, '2023-05-27 13:34:23');
INSERT INTO session_table (user_id, connected_at) VALUES (81, '2023-02-18 03:37:24');
INSERT INTO user_table (firstname, lastname, email, username, password, created_at) VALUES ('David', 'Martin', 'coxlisa@example.org', 'kathleen37', 'kimmcdonald', '2023-01-26 22:15:59');
INSERT INTO user_email_verification_table (user_id, verified_at) VALUES (82, '2023-02-07 20:19:11');
INSERT INTO session_table (user_id, connected_at) VALUES (82, '2023-04-16 14:39:39');
INSERT INTO session_table (user_id, connected_at) VALUES (82, '2023-06-29 03:26:29');
INSERT INTO session_table (user_id, connected_at) VALUES (82, '2023-01-24 11:12:22');
INSERT INTO session_table (user_id, connected_at) VALUES (82, '2023-04-23 12:49:16');
INSERT INTO session_table (user_id, connected_at) VALUES (82, '2023-01-19 23:59:00');
INSERT INTO session_table (user_id, connected_at) VALUES (82, '2023-02-22 00:43:56');
INSERT INTO session_table (user_id, connected_at) VALUES (82, '2023-04-10 22:38:26');
INSERT INTO session_table (user_id, connected_at) VALUES (82, '2023-01-20 10:34:13');
INSERT INTO session_table (user_id, connected_at) VALUES (82, '2023-06-24 14:02:53');
INSERT INTO session_table (user_id, connected_at) VALUES (82, '2023-05-21 16:25:57');
INSERT INTO user_table (firstname, lastname, email, username, password, created_at) VALUES ('James', 'Snow', 'urobbins@example.com', 'iwilliams', 'e%X8Rfq*Uw', '2023-05-26 10:43:40');
INSERT INTO user_email_verification_table (user_id, verified_at) VALUES (83, '2023-02-14 15:38:34');
INSERT INTO session_table (user_id, connected_at) VALUES (83, '2023-03-30 03:20:55');
INSERT INTO session_table (user_id, connected_at) VALUES (83, '2023-04-12 17:32:05');
INSERT INTO session_table (user_id, connected_at) VALUES (83, '2023-02-10 12:32:28');
INSERT INTO session_table (user_id, connected_at) VALUES (83, '2023-04-10 09:37:39');
INSERT INTO session_table (user_id, connected_at) VALUES (83, '2023-06-03 12:28:10');
INSERT INTO session_table (user_id, connected_at) VALUES (83, '2023-06-12 06:36:50');
INSERT INTO session_table (user_id, connected_at) VALUES (83, '2023-04-29 15:05:48');
INSERT INTO session_table (user_id, connected_at) VALUES (83, '2023-03-10 00:01:09');
INSERT INTO session_table (user_id, connected_at) VALUES (83, '2023-01-26 19:07:33');
INSERT INTO session_table (user_id, connected_at) VALUES (83, '2023-02-19 22:00:18');
INSERT INTO user_table (firstname, lastname, email, username, password, created_at) VALUES ('Samantha', 'Thomas', 'hannah73@example.org', 'catherinepineda', 'lisataylor', '2023-04-17 21:05:51');
INSERT INTO user_email_verification_table (user_id, verified_at) VALUES (84, '2023-02-06 17:32:21');
INSERT INTO session_table (user_id, connected_at) VALUES (84, '2023-06-29 07:16:19');
INSERT INTO session_table (user_id, connected_at) VALUES (84, '2023-06-03 23:46:58');
INSERT INTO session_table (user_id, connected_at) VALUES (84, '2023-05-31 08:01:57');
INSERT INTO session_table (user_id, connected_at) VALUES (84, '2023-05-21 03:30:35');
INSERT INTO session_table (user_id, connected_at) VALUES (84, '2023-04-15 13:07:00');
INSERT INTO session_table (user_id, connected_at) VALUES (84, '2023-06-29 13:24:25');
INSERT INTO session_table (user_id, connected_at) VALUES (84, '2023-05-16 21:42:04');
INSERT INTO session_table (user_id, connected_at) VALUES (84, '2023-02-04 21:59:04');
INSERT INTO session_table (user_id, connected_at) VALUES (84, '2023-04-10 23:53:11');
INSERT INTO session_table (user_id, connected_at) VALUES (84, '2023-01-23 07:11:20');
INSERT INTO user_table (firstname, lastname, email, username, password, created_at) VALUES ('John', 'Williams', 'bradleywilliams@example.net', 'wilsonrichard', 'brownrichard', '2023-01-20 01:11:50');
INSERT INTO user_email_verification_table (user_id, verified_at) VALUES (85, '2023-03-31 16:38:43');
INSERT INTO session_table (user_id, connected_at) VALUES (85, '2023-03-27 01:22:43');
INSERT INTO session_table (user_id, connected_at) VALUES (85, '2023-05-07 20:18:30');
INSERT INTO session_table (user_id, connected_at) VALUES (85, '2023-03-11 00:12:18');
INSERT INTO session_table (user_id, connected_at) VALUES (85, '2023-01-28 13:33:24');
INSERT INTO session_table (user_id, connected_at) VALUES (85, '2023-05-21 06:55:56');
INSERT INTO session_table (user_id, connected_at) VALUES (85, '2023-05-25 18:31:39');
INSERT INTO session_table (user_id, connected_at) VALUES (85, '2023-04-29 20:07:01');
INSERT INTO session_table (user_id, connected_at) VALUES (85, '2023-05-31 18:04:05');
INSERT INTO session_table (user_id, connected_at) VALUES (85, '2023-05-31 21:10:44');
INSERT INTO session_table (user_id, connected_at) VALUES (85, '2023-02-02 16:07:58');
INSERT INTO user_table (firstname, lastname, email, username, password, created_at) VALUES ('Jason', 'Morales', 'pamela32@example.org', 'carlosross', 'donaldclark', '2023-04-09 06:25:24');
INSERT INTO session_table (user_id, connected_at) VALUES (86, '2023-06-26 07:18:49');
INSERT INTO session_table (user_id, connected_at) VALUES (86, '2023-04-29 10:39:52');
INSERT INTO session_table (user_id, connected_at) VALUES (86, '2023-02-26 00:35:32');
INSERT INTO session_table (user_id, connected_at) VALUES (86, '2023-04-24 15:00:07');
INSERT INTO session_table (user_id, connected_at) VALUES (86, '2023-04-07 11:40:58');
INSERT INTO session_table (user_id, connected_at) VALUES (86, '2023-02-03 07:37:08');
INSERT INTO session_table (user_id, connected_at) VALUES (86, '2023-01-04 19:08:01');
INSERT INTO session_table (user_id, connected_at) VALUES (86, '2023-06-13 18:38:03');
INSERT INTO session_table (user_id, connected_at) VALUES (86, '2023-06-06 22:15:02');
INSERT INTO session_table (user_id, connected_at) VALUES (86, '2023-05-10 16:25:20');
INSERT INTO user_table (firstname, lastname, email, username, password, created_at) VALUES ('Margaret', 'Williams', 'gallaghersean@example.com', 'dickersonyesenia', 'gibsonlawrence', '2023-06-28 23:15:02');
INSERT INTO session_table (user_id, connected_at) VALUES (87, '2023-06-18 03:13:12');
INSERT INTO session_table (user_id, connected_at) VALUES (87, '2023-03-22 07:28:47');
INSERT INTO session_table (user_id, connected_at) VALUES (87, '2023-02-25 18:03:36');
INSERT INTO session_table (user_id, connected_at) VALUES (87, '2023-06-05 06:26:24');
INSERT INTO session_table (user_id, connected_at) VALUES (87, '2023-05-01 21:20:25');
INSERT INTO session_table (user_id, connected_at) VALUES (87, '2023-02-12 21:11:00');
INSERT INTO session_table (user_id, connected_at) VALUES (87, '2023-04-20 19:11:45');
INSERT INTO session_table (user_id, connected_at) VALUES (87, '2023-01-09 06:31:22');
INSERT INTO session_table (user_id, connected_at) VALUES (87, '2023-04-08 15:22:16');
INSERT INTO session_table (user_id, connected_at) VALUES (87, '2023-04-14 13:33:22');
INSERT INTO user_table (firstname, lastname, email, username, password, created_at) VALUES ('Jessica', 'Hudson', 'valentinestephen@example.com', 'gallegoskaren', 'sarahvazquez', '2023-01-05 12:16:35');
INSERT INTO session_table (user_id, connected_at) VALUES (88, '2023-02-06 09:33:13');
INSERT INTO session_table (user_id, connected_at) VALUES (88, '2023-06-22 20:10:45');
INSERT INTO session_table (user_id, connected_at) VALUES (88, '2023-01-23 10:31:45');
INSERT INTO session_table (user_id, connected_at) VALUES (88, '2023-04-14 19:55:37');
INSERT INTO session_table (user_id, connected_at) VALUES (88, '2023-06-21 09:32:21');
INSERT INTO session_table (user_id, connected_at) VALUES (88, '2023-05-09 18:45:10');
INSERT INTO session_table (user_id, connected_at) VALUES (88, '2023-05-21 02:47:06');
INSERT INTO session_table (user_id, connected_at) VALUES (88, '2023-06-11 06:17:34');
INSERT INTO session_table (user_id, connected_at) VALUES (88, '2023-03-03 04:15:33');
INSERT INTO session_table (user_id, connected_at) VALUES (88, '2023-05-04 06:40:19');
INSERT INTO user_table (firstname, lastname, email, username, password, created_at) VALUES ('Adam', 'Reed', 'nmartinez@example.com', 'angelajohnson', '#l48%FBn(k', '2023-05-30 23:27:57');
INSERT INTO session_table (user_id, connected_at) VALUES (89, '2023-04-04 21:52:18');
INSERT INTO session_table (user_id, connected_at) VALUES (89, '2023-04-18 13:58:55');
INSERT INTO session_table (user_id, connected_at) VALUES (89, '2023-01-11 03:59:12');
INSERT INTO session_table (user_id, connected_at) VALUES (89, '2023-05-31 01:27:05');
INSERT INTO session_table (user_id, connected_at) VALUES (89, '2023-05-30 11:16:27');
INSERT INTO session_table (user_id, connected_at) VALUES (89, '2023-06-22 06:27:06');
INSERT INTO session_table (user_id, connected_at) VALUES (89, '2023-05-29 08:03:27');
INSERT INTO session_table (user_id, connected_at) VALUES (89, '2023-04-17 14:29:41');
INSERT INTO session_table (user_id, connected_at) VALUES (89, '2023-03-27 06:28:39');
INSERT INTO session_table (user_id, connected_at) VALUES (89, '2023-04-19 22:31:17');
INSERT INTO user_table (firstname, lastname, email, username, password, created_at) VALUES ('Kevin', 'Moore', 'mwilliams@example.com', 'kristen34', 'santoskimberly', '2023-03-25 07:54:38');
INSERT INTO session_table (user_id, connected_at) VALUES (90, '2023-06-23 13:53:51');
INSERT INTO session_table (user_id, connected_at) VALUES (90, '2023-03-05 05:35:50');
INSERT INTO session_table (user_id, connected_at) VALUES (90, '2023-03-24 16:23:48');
INSERT INTO session_table (user_id, connected_at) VALUES (90, '2023-05-31 18:31:28');
INSERT INTO session_table (user_id, connected_at) VALUES (90, '2023-04-13 18:22:39');
INSERT INTO session_table (user_id, connected_at) VALUES (90, '2023-06-24 03:55:51');
INSERT INTO session_table (user_id, connected_at) VALUES (90, '2023-03-17 07:06:58');
INSERT INTO session_table (user_id, connected_at) VALUES (90, '2023-01-04 10:14:25');
INSERT INTO session_table (user_id, connected_at) VALUES (90, '2023-01-11 10:52:30');
INSERT INTO session_table (user_id, connected_at) VALUES (90, '2023-06-12 22:59:17');
INSERT INTO user_table (firstname, lastname, email, username, password, created_at) VALUES ('Amanda', 'Rose', 'anthony99@example.net', 'youngkaren', 'millerpamela', '2023-04-20 13:14:24');
INSERT INTO session_table (user_id, connected_at) VALUES (91, '2023-03-09 21:30:22');
INSERT INTO session_table (user_id, connected_at) VALUES (91, '2023-03-19 22:16:02');
INSERT INTO session_table (user_id, connected_at) VALUES (91, '2023-03-13 10:27:46');
INSERT INTO session_table (user_id, connected_at) VALUES (91, '2023-05-29 04:25:15');
INSERT INTO session_table (user_id, connected_at) VALUES (91, '2023-01-28 08:02:45');
INSERT INTO session_table (user_id, connected_at) VALUES (91, '2023-04-05 13:57:25');
INSERT INTO session_table (user_id, connected_at) VALUES (91, '2023-03-04 19:11:52');
INSERT INTO session_table (user_id, connected_at) VALUES (91, '2023-04-10 19:36:14');
INSERT INTO session_table (user_id, connected_at) VALUES (91, '2023-01-25 04:49:05');
INSERT INTO session_table (user_id, connected_at) VALUES (91, '2023-01-20 02:53:38');
INSERT INTO user_table (firstname, lastname, email, username, password, created_at) VALUES ('Tracy', 'Oliver', 'katherine36@example.com', 'josenguyen', '@E41GWbe0G', '2023-02-20 14:07:22');
INSERT INTO session_table (user_id, connected_at) VALUES (92, '2023-03-16 10:30:30');
INSERT INTO session_table (user_id, connected_at) VALUES (92, '2023-01-08 21:53:52');
INSERT INTO session_table (user_id, connected_at) VALUES (92, '2023-01-29 09:10:22');
INSERT INTO session_table (user_id, connected_at) VALUES (92, '2023-04-26 05:05:42');
INSERT INTO session_table (user_id, connected_at) VALUES (92, '2023-05-10 12:24:33');
INSERT INTO session_table (user_id, connected_at) VALUES (92, '2023-06-02 16:56:53');
INSERT INTO session_table (user_id, connected_at) VALUES (92, '2023-03-24 21:18:22');
INSERT INTO session_table (user_id, connected_at) VALUES (92, '2023-04-24 00:57:55');
INSERT INTO session_table (user_id, connected_at) VALUES (92, '2023-03-17 02:46:14');
INSERT INTO session_table (user_id, connected_at) VALUES (92, '2023-04-09 22:14:25');
INSERT INTO user_table (firstname, lastname, email, username, password, created_at) VALUES ('Tiffany', 'Smith', 'alexander84@example.org', 'smithlauren', '#ASc^FnVn7', '2023-02-08 06:33:52');
INSERT INTO session_table (user_id, connected_at) VALUES (93, '2023-03-26 11:07:12');
INSERT INTO session_table (user_id, connected_at) VALUES (93, '2023-01-05 14:04:19');
INSERT INTO session_table (user_id, connected_at) VALUES (93, '2023-05-05 22:35:19');
INSERT INTO session_table (user_id, connected_at) VALUES (93, '2023-05-13 06:28:23');
INSERT INTO session_table (user_id, connected_at) VALUES (93, '2023-03-21 12:48:27');
INSERT INTO session_table (user_id, connected_at) VALUES (93, '2023-01-02 04:39:37');
INSERT INTO session_table (user_id, connected_at) VALUES (93, '2023-05-11 15:55:19');
INSERT INTO session_table (user_id, connected_at) VALUES (93, '2023-01-11 12:39:51');
INSERT INTO session_table (user_id, connected_at) VALUES (93, '2023-03-28 15:41:27');
INSERT INTO session_table (user_id, connected_at) VALUES (93, '2023-01-17 13:54:08');
INSERT INTO user_table (firstname, lastname, email, username, password, created_at) VALUES ('Susan', 'Miller', 'stanleyamy@example.net', 'johnjohnson', 'dawnaguirre', '2023-03-02 19:26:55');
INSERT INTO session_table (user_id, connected_at) VALUES (94, '2023-06-07 02:20:58');
INSERT INTO session_table (user_id, connected_at) VALUES (94, '2023-03-28 19:36:20');
INSERT INTO session_table (user_id, connected_at) VALUES (94, '2023-02-28 06:01:12');
INSERT INTO session_table (user_id, connected_at) VALUES (94, '2023-01-04 06:03:30');
INSERT INTO session_table (user_id, connected_at) VALUES (94, '2023-06-04 21:47:29');
INSERT INTO session_table (user_id, connected_at) VALUES (94, '2023-03-08 16:09:20');
INSERT INTO session_table (user_id, connected_at) VALUES (94, '2023-01-26 17:27:26');
INSERT INTO session_table (user_id, connected_at) VALUES (94, '2023-06-01 07:33:45');
INSERT INTO session_table (user_id, connected_at) VALUES (94, '2023-02-02 00:01:30');
INSERT INTO session_table (user_id, connected_at) VALUES (94, '2023-01-05 03:35:35');
INSERT INTO user_table (firstname, lastname, email, username, password, created_at) VALUES ('Tanya', 'Ingram', 'brandon15@example.net', 'jessicabrown', 'garyadkins', '2023-05-16 17:39:59');
INSERT INTO session_table (user_id, connected_at) VALUES (95, '2023-04-09 09:31:22');
INSERT INTO session_table (user_id, connected_at) VALUES (95, '2023-03-25 01:34:18');
INSERT INTO session_table (user_id, connected_at) VALUES (95, '2023-06-08 22:33:06');
INSERT INTO session_table (user_id, connected_at) VALUES (95, '2023-04-18 01:38:17');
INSERT INTO session_table (user_id, connected_at) VALUES (95, '2023-05-22 17:44:43');
INSERT INTO session_table (user_id, connected_at) VALUES (95, '2023-03-08 03:38:23');
INSERT INTO session_table (user_id, connected_at) VALUES (95, '2023-04-18 08:05:07');
INSERT INTO session_table (user_id, connected_at) VALUES (95, '2023-01-21 01:17:27');
INSERT INTO session_table (user_id, connected_at) VALUES (95, '2023-06-17 05:42:18');
INSERT INTO session_table (user_id, connected_at) VALUES (95, '2023-06-21 01:57:21');
INSERT INTO user_table (firstname, lastname, email, username, password, created_at) VALUES ('Amber', 'Marquez', 'alan71@example.org', 'cowancheyenne', 'zgutierrez', '2023-06-03 23:01:58');
INSERT INTO session_table (user_id, connected_at) VALUES (96, '2023-04-16 18:06:07');
INSERT INTO session_table (user_id, connected_at) VALUES (96, '2023-05-30 14:29:26');
INSERT INTO session_table (user_id, connected_at) VALUES (96, '2023-03-01 03:24:35');
INSERT INTO session_table (user_id, connected_at) VALUES (96, '2023-01-10 18:16:57');
INSERT INTO session_table (user_id, connected_at) VALUES (96, '2023-01-07 20:53:14');
INSERT INTO session_table (user_id, connected_at) VALUES (96, '2023-02-14 08:30:02');
INSERT INTO session_table (user_id, connected_at) VALUES (96, '2023-03-11 18:14:47');
INSERT INTO session_table (user_id, connected_at) VALUES (96, '2023-02-12 06:06:47');
INSERT INTO session_table (user_id, connected_at) VALUES (96, '2023-02-21 04:29:00');
INSERT INTO session_table (user_id, connected_at) VALUES (96, '2023-06-15 01:21:13');
INSERT INTO user_table (firstname, lastname, email, username, password, created_at) VALUES ('Carolyn', 'Dennis', 'brownleroy@example.com', 'michaelanderson', 'M*)b8IYJUg', '2023-05-29 01:26:27');
INSERT INTO session_table (user_id, connected_at) VALUES (97, '2023-02-07 08:12:48');
INSERT INTO session_table (user_id, connected_at) VALUES (97, '2023-02-17 20:42:21');
INSERT INTO session_table (user_id, connected_at) VALUES (97, '2023-04-27 11:04:29');
INSERT INTO session_table (user_id, connected_at) VALUES (97, '2023-01-14 16:48:54');
INSERT INTO session_table (user_id, connected_at) VALUES (97, '2023-05-15 18:06:53');
INSERT INTO session_table (user_id, connected_at) VALUES (97, '2023-04-12 03:48:47');
INSERT INTO session_table (user_id, connected_at) VALUES (97, '2023-01-21 18:40:48');
INSERT INTO session_table (user_id, connected_at) VALUES (97, '2023-05-04 13:59:25');
INSERT INTO session_table (user_id, connected_at) VALUES (97, '2023-03-23 11:44:28');
INSERT INTO session_table (user_id, connected_at) VALUES (97, '2023-02-03 09:28:46');
INSERT INTO user_table (firstname, lastname, email, username, password, created_at) VALUES ('Laura', 'Jackson', 'fho@example.com', 'jcastaneda', 'glivingston', '2023-03-21 22:47:13');
INSERT INTO session_table (user_id, connected_at) VALUES (98, '2023-02-20 00:46:04');
INSERT INTO session_table (user_id, connected_at) VALUES (98, '2023-03-09 19:47:31');
INSERT INTO session_table (user_id, connected_at) VALUES (98, '2023-05-22 16:58:45');
INSERT INTO session_table (user_id, connected_at) VALUES (98, '2023-03-30 07:18:31');
INSERT INTO session_table (user_id, connected_at) VALUES (98, '2023-02-23 17:08:59');
INSERT INTO session_table (user_id, connected_at) VALUES (98, '2023-06-27 02:35:57');
INSERT INTO session_table (user_id, connected_at) VALUES (98, '2023-06-17 10:40:20');
INSERT INTO session_table (user_id, connected_at) VALUES (98, '2023-02-21 15:58:51');
INSERT INTO session_table (user_id, connected_at) VALUES (98, '2023-05-08 21:07:55');
INSERT INTO session_table (user_id, connected_at) VALUES (98, '2023-02-06 13:30:21');
INSERT INTO user_table (firstname, lastname, email, username, password, created_at) VALUES ('Frank', 'Gonzalez', 'robertward@example.org', 'matthewwatts', '*Wodv2Tp5V', '2023-05-24 01:15:14');
INSERT INTO session_table (user_id, connected_at) VALUES (99, '2023-05-26 04:33:28');
INSERT INTO session_table (user_id, connected_at) VALUES (99, '2023-02-03 21:06:30');
INSERT INTO session_table (user_id, connected_at) VALUES (99, '2023-05-12 10:55:45');
INSERT INTO session_table (user_id, connected_at) VALUES (99, '2023-04-27 06:00:02');
INSERT INTO session_table (user_id, connected_at) VALUES (99, '2023-01-10 18:56:53');
INSERT INTO session_table (user_id, connected_at) VALUES (99, '2023-04-30 08:44:38');
INSERT INTO session_table (user_id, connected_at) VALUES (99, '2023-01-20 09:00:40');
INSERT INTO session_table (user_id, connected_at) VALUES (99, '2023-06-19 23:15:44');
INSERT INTO session_table (user_id, connected_at) VALUES (99, '2023-02-17 19:28:54');
INSERT INTO session_table (user_id, connected_at) VALUES (99, '2023-04-10 15:42:37');
INSERT INTO user_table (firstname, lastname, email, username, password, created_at) VALUES ('Jonathan', 'Armstrong', 'lancefreeman@example.net', 'lesliemorgan', 'courtney09', '2023-02-17 07:31:06');
INSERT INTO session_table (user_id, connected_at) VALUES (100, '2023-03-21 11:32:54');
INSERT INTO session_table (user_id, connected_at) VALUES (100, '2023-02-21 11:49:27');
INSERT INTO session_table (user_id, connected_at) VALUES (100, '2023-03-12 06:36:51');
INSERT INTO session_table (user_id, connected_at) VALUES (100, '2023-06-01 11:29:36');
INSERT INTO session_table (user_id, connected_at) VALUES (100, '2023-02-19 22:51:07');
INSERT INTO session_table (user_id, connected_at) VALUES (100, '2023-04-12 12:34:25');
INSERT INTO session_table (user_id, connected_at) VALUES (100, '2023-02-14 12:51:53');
INSERT INTO session_table (user_id, connected_at) VALUES (100, '2023-02-19 00:27:13');
INSERT INTO session_table (user_id, connected_at) VALUES (100, '2023-02-07 22:36:16');
INSERT INTO session_table (user_id, connected_at) VALUES (100, '2023-04-08 00:00:18');
